Name,Team,G,PA,AB,H,2B,3B,HR,R,RBI,SB,BB%,K%,AVG,OBP,SLG,wOBA,ISO,BABIP
Aaron Judge,NYY,152,679,541,179,30,2,53,137,114,12,0.183,0.23600000000000002,0.331,0.457,0.688,0.463,0.357,0.376
Cal Raleigh,SEA,159,705,596,147,24,0,60,110,125,14,0.138,0.267,0.247,0.359,0.589,0.392,0.342,0.248
Bobby Witt Jr.,KCR,157,687,623,184,47,6,23,99,88,38,0.071,0.182,0.295,0.351,0.501,0.36,0.205,0.334
Shohei Ohtani,LAD,158,727,611,172,25,9,55,146,102,20,0.15,0.257,0.282,0.392,0.622,0.418,0.34,0.315
Geraldo Perdomo,ARI,161,720,597,173,33,5,20,98,100,27,0.131,0.115,0.29,0.389,0.462,0.37,0.173,0.303
Trea Turner,PHI,141,639,589,179,31,7,15,94,69,36,0.067,0.16699999999999998,0.304,0.355,0.457,0.352,0.153,0.35
Corbin Carroll,ARI,143,642,564,146,32,17,31,107,84,32,0.10400000000000001,0.23800000000000002,0.259,0.343,0.541,0.371,0.282,0.299
Jose Ramirez,CLE,158,673,593,168,34,3,30,103,85,44,0.098,0.11,0.283,0.36,0.503,0.36,0.219,0.279
Francisco Lindor,NYM,160,732,644,172,35,0,31,117,86,31,0.08900000000000001,0.179,0.267,0.346,0.466,0.35,0.199,0.288
Fernando Tatis Jr.,SDP,155,691,594,159,27,2,25,111,71,32,0.129,0.187,0.268,0.368,0.446,0.353,0.178,0.303
Juan Soto,NYM,160,715,577,152,20,1,43,120,105,38,0.17800000000000002,0.192,0.263,0.396,0.525,0.39,0.262,0.27
Jeremy Pena,HOU,125,543,493,150,30,2,17,68,62,20,0.064,0.171,0.304,0.363,0.477,0.363,0.172,0.345
Julio Rodriguez,SEA,160,710,652,174,31,4,32,106,95,30,0.062,0.214,0.267,0.324,0.474,0.341,0.207,0.302
Maikel Garcia,KCR,160,666,595,170,39,5,16,81,74,23,0.09300000000000001,0.126,0.286,0.351,0.449,0.347,0.163,0.308
Pete Crow-Armstrong,CHC,157,647,591,146,37,4,31,91,95,35,0.045,0.24,0.247,0.287,0.481,0.323,0.234,0.276
George Springer,TOR,140,586,498,154,27,1,32,106,84,18,0.11800000000000001,0.18899999999999997,0.309,0.399,0.56,0.408,0.251,0.34
Byron Buxton,MIN,126,542,488,129,21,7,35,97,83,24,0.076,0.273,0.264,0.327,0.551,0.367,0.287,0.302
Kyle Schwarber,PHI,162,724,604,145,23,2,56,111,132,10,0.149,0.272,0.24,0.365,0.563,0.391,0.323,0.253
Cody Bellinger,NYY,152,656,588,160,25,5,29,89,98,13,0.087,0.13699999999999998,0.272,0.334,0.48,0.347,0.207,0.274
Gunnar Henderson,BAL,154,651,577,158,34,5,17,85,68,30,0.095,0.21,0.274,0.349,0.438,0.339,0.165,0.329
Nico Hoerner,CHC,156,649,599,178,29,4,7,89,61,29,0.06,0.076,0.297,0.345,0.394,0.324,0.097,0.313
Matt Olson,ATL,162,724,624,170,41,2,29,98,95,1,0.126,0.243,0.272,0.366,0.484,0.366,0.212,0.333
Alejandro Kirk,TOR,130,506,451,127,18,0,15,45,76,1,0.095,0.11699999999999999,0.282,0.348,0.421,0.334,0.14,0.292
Nick Kurtz,ATH,117,489,420,122,26,2,36,90,86,2,0.129,0.309,0.29,0.383,0.619,0.419,0.329,0.364
Ketel Marte,ARI,126,556,480,136,28,0,28,87,72,4,0.115,0.149,0.283,0.376,0.517,0.381,0.233,0.29
Junior Caminero,TBR,154,653,602,159,28,0,45,93,110,7,0.063,0.191,0.264,0.311,0.535,0.357,0.271,0.26
Kyle Tucker,CHC,136,597,500,133,25,4,22,91,73,25,0.146,0.147,0.266,0.377,0.464,0.363,0.198,0.282
Jazz Chisholm Jr.,NYY,130,531,462,112,15,1,31,75,80,31,0.109,0.27899999999999997,0.242,0.332,0.481,0.349,0.238,0.282
Brice Turang,MIL,156,659,584,168,28,2,18,97,81,24,0.1,0.228,0.288,0.359,0.435,0.346,0.147,0.356
Elly De La Cruz,CIN,162,699,629,166,31,7,22,102,86,37,0.096,0.259,0.264,0.336,0.44,0.333,0.176,0.337
Will Smith,LAD,110,436,362,107,20,1,17,64,61,2,0.147,0.204,0.296,0.404,0.497,0.389,0.202,0.345
Wyatt Langford,TEX,134,573,489,118,25,1,22,73,62,22,0.129,0.264,0.241,0.344,0.431,0.337,0.19,0.299
Andy Pages,LAD,156,624,581,158,27,1,27,74,86,14,0.046,0.21600000000000003,0.272,0.313,0.461,0.332,0.189,0.308
Dillon Dingler,DET,126,469,435,121,21,2,13,54,57,0,0.049,0.235,0.278,0.327,0.425,0.326,0.147,0.345
Kyle Stowers,MIA,117,457,399,115,21,3,25,61,73,5,0.105,0.27399999999999997,0.288,0.368,0.544,0.386,0.256,0.356
Corey Seager,TEX,102,445,380,103,19,0,21,61,50,3,0.13,0.196,0.271,0.373,0.487,0.365,0.216,0.299
Willy Adames,SFG,160,686,591,133,22,2,30,94,87,12,0.11699999999999999,0.261,0.225,0.318,0.421,0.321,0.196,0.263
Freddie Freeman,LAD,147,627,556,164,39,2,24,81,90,6,0.096,0.204,0.295,0.367,0.502,0.37,0.207,0.342
Shea Langeliers,ATH,123,523,481,133,32,0,31,73,72,7,0.069,0.19699999999999998,0.277,0.325,0.536,0.364,0.26,0.29
Vladimir Guerrero Jr.,TOR,156,680,589,172,34,0,23,96,84,6,0.11900000000000001,0.138,0.292,0.381,0.467,0.366,0.175,0.313
Jarren Duran,BOS,157,696,620,159,41,13,16,86,84,24,0.086,0.243,0.256,0.332,0.442,0.335,0.185,0.326
Bo Bichette,TOR,139,628,582,181,44,1,18,78,94,4,0.064,0.145,0.311,0.357,0.483,0.361,0.172,0.342
Eugenio Suarez,- - -,159,657,588,134,28,0,49,91,118,4,0.07,0.298,0.228,0.298,0.526,0.347,0.298,0.243
Manny Machado,SDP,159,678,615,169,33,0,27,91,95,14,0.081,0.193,0.275,0.335,0.46,0.341,0.185,0.307
Ceddanne Rafaela,BOS,156,587,546,136,34,4,16,84,63,20,0.048,0.19899999999999998,0.249,0.295,0.414,0.307,0.165,0.289
Matt Chapman,SFG,128,535,454,105,23,2,21,76,61,9,0.133,0.23600000000000002,0.231,0.34,0.43,0.336,0.198,0.27
Pete Alonso,NYM,162,709,624,170,41,1,38,87,126,1,0.086,0.228,0.272,0.347,0.524,0.368,0.252,0.305
Sal Frelick,MIL,142,594,528,152,20,3,12,76,63,19,0.079,0.135,0.288,0.351,0.405,0.332,0.117,0.317
William Contreras,MIL,150,659,566,147,28,0,17,89,76,6,0.127,0.182,0.26,0.355,0.399,0.332,0.14,0.299
Ronald Acuna Jr.,ATL,95,412,338,98,12,1,21,74,42,9,0.172,0.248,0.29,0.417,0.518,0.403,0.228,0.358
Michael Busch,CHC,155,592,524,137,25,5,34,78,90,4,0.095,0.235,0.261,0.343,0.523,0.369,0.261,0.292
Bryce Harper,PHI,132,580,501,131,32,0,27,72,75,12,0.121,0.209,0.261,0.357,0.487,0.361,0.226,0.292
Alex Bregman,BOS,114,495,433,118,28,0,18,64,62,1,0.10300000000000001,0.141,0.273,0.36,0.462,0.356,0.189,0.288
Jacob Wilson,ATH,125,523,486,151,26,0,13,62,63,5,0.052000000000000005,0.075,0.311,0.355,0.444,0.348,0.134,0.317
Masyn Winn,STL,129,537,491,124,27,0,9,72,51,9,0.063,0.19,0.253,0.31,0.363,0.297,0.11,0.301
Hunter Goodman,COL,144,579,540,150,28,5,31,73,91,1,0.057,0.263,0.278,0.323,0.52,0.359,0.243,0.331
Tyler Soderstrom,ATH,158,624,561,155,34,1,25,75,93,8,0.08800000000000001,0.226,0.276,0.346,0.474,0.354,0.198,0.327
Mookie Betts,LAD,150,663,589,152,23,2,20,95,82,8,0.092,0.10300000000000001,0.258,0.326,0.406,0.318,0.148,0.258
Rafael Devers,- - -,163,729,607,153,33,0,35,99,109,1,0.154,0.263,0.252,0.372,0.479,0.365,0.227,0.307
James Wood,WSN,157,689,598,153,38,0,31,87,94,15,0.12300000000000001,0.321,0.256,0.35,0.475,0.353,0.219,0.35
Dansby Swanson,CHC,159,645,590,144,24,3,24,84,77,20,0.073,0.26,0.244,0.3,0.417,0.31,0.173,0.298
Trent Grisham,NYY,143,581,494,116,9,1,34,87,74,3,0.141,0.23600000000000002,0.235,0.348,0.464,0.353,0.229,0.253
Harrison Bader,- - -,146,501,448,124,24,1,17,61,54,11,0.078,0.271,0.277,0.347,0.449,0.346,0.172,0.359
Zach McKinstry,DET,144,511,452,117,23,11,12,68,49,19,0.09,0.217,0.259,0.333,0.438,0.333,0.179,0.314
Xander Bogaerts,SDP,136,552,491,129,30,0,11,63,53,20,0.087,0.17,0.263,0.328,0.391,0.313,0.128,0.299
Ernie Clement,TOR,157,588,545,151,35,2,9,83,50,6,0.046,0.10400000000000001,0.277,0.313,0.398,0.308,0.121,0.296
Steven Kwan,CLE,156,693,625,170,29,1,11,81,56,21,0.079,0.087,0.272,0.33,0.374,0.31,0.102,0.283
Patrick Bailey,SFG,135,452,409,91,18,3,6,47,55,1,0.066,0.294,0.222,0.277,0.325,0.265,0.103,0.308
Josh Naylor,- - -,147,604,543,160,29,1,20,81,92,30,0.079,0.13699999999999998,0.295,0.353,0.462,0.351,0.168,0.315
Drake Baldwin,ATL,124,446,405,111,18,2,19,56,80,0,0.085,0.152,0.274,0.341,0.469,0.351,0.195,0.289
Zach Neto,LAA,128,554,502,129,29,1,26,82,62,26,0.06,0.26899999999999996,0.257,0.319,0.474,0.337,0.217,0.312
CJ Abrams,WSN,144,635,580,149,35,5,19,92,60,31,0.057999999999999996,0.19699999999999998,0.257,0.315,0.433,0.324,0.176,0.296
Bryson Stott,PHI,147,560,499,128,22,3,13,66,66,24,0.096,0.163,0.257,0.328,0.391,0.315,0.134,0.288
Ramon Laureano,- - -,132,488,441,124,26,2,24,72,76,7,0.07200000000000001,0.244,0.281,0.342,0.512,0.364,0.231,0.331
Ben Rice,NYY,138,530,467,119,28,4,26,74,65,3,0.094,0.18899999999999997,0.255,0.337,0.499,0.358,0.244,0.271
Ryan O'Hearn,- - -,144,544,474,133,21,1,17,67,63,3,0.107,0.2,0.281,0.366,0.437,0.349,0.156,0.33
Jackson Merrill,SDP,115,483,440,116,25,6,16,59,67,1,0.068,0.22399999999999998,0.264,0.317,0.457,0.331,0.193,0.312
Brandon Nimmo,NYM,155,652,587,154,27,0,25,81,92,13,0.077,0.21600000000000003,0.262,0.324,0.436,0.329,0.174,0.301
Trevor Story,BOS,157,654,612,161,29,0,25,91,96,31,0.05,0.26899999999999996,0.263,0.308,0.433,0.32,0.17,0.33
Austin Wells,NYY,126,448,401,88,22,1,21,51,71,5,0.067,0.263,0.219,0.275,0.436,0.302,0.217,0.245
Yandy Diaz,TBR,150,651,583,175,29,1,25,79,83,3,0.08800000000000001,0.141,0.3,0.366,0.482,0.364,0.182,0.318
Max Muncy,LAD,100,388,313,76,10,2,19,48,67,4,0.165,0.214,0.243,0.376,0.47,0.366,0.227,0.264
Riley Greene,DET,157,655,600,155,31,1,36,84,111,2,0.07,0.307,0.258,0.313,0.493,0.343,0.235,0.323
Taylor Ward,LAA,157,663,579,132,31,2,36,86,103,4,0.113,0.264,0.228,0.317,0.475,0.339,0.247,0.257
Brendan Donovan,STL,118,515,460,132,32,0,10,64,50,3,0.08199999999999999,0.13,0.287,0.353,0.422,0.337,0.135,0.315
Jackson Chourio,MIL,131,589,549,148,35,4,21,88,78,21,0.051,0.205,0.27,0.308,0.463,0.328,0.193,0.308
Randy Arozarena,SEA,160,709,613,146,32,1,27,95,76,31,0.09,0.26899999999999996,0.238,0.334,0.426,0.332,0.188,0.298
Jake Cronenworth,SDP,135,515,419,103,20,1,11,61,59,3,0.134,0.20800000000000002,0.246,0.367,0.377,0.333,0.131,0.299
TJ Friedl,CIN,152,685,579,151,22,2,14,82,53,12,0.11800000000000001,0.168,0.261,0.364,0.378,0.333,0.117,0.301
Willson Contreras,STL,135,563,490,126,31,1,20,70,80,5,0.078,0.252,0.257,0.344,0.447,0.344,0.19,0.319
Ian Happ,CHC,150,663,569,138,32,0,23,87,79,6,0.131,0.228,0.243,0.342,0.42,0.333,0.178,0.288
J.P. Crawford,SEA,157,654,570,151,24,0,12,69,58,8,0.113,0.187,0.265,0.352,0.37,0.322,0.105,0.318
Roman Anthony,BOS,71,303,257,75,18,1,8,48,32,4,0.132,0.27699999999999997,0.292,0.396,0.463,0.376,0.171,0.404
Colson Montgomery,CHW,71,284,255,61,9,1,21,43,55,0,0.08800000000000001,0.292,0.239,0.311,0.529,0.355,0.29,0.263
Ivan Herrera,STL,107,452,388,110,13,0,19,54,66,8,0.095,0.18600000000000003,0.284,0.373,0.464,0.365,0.18,0.315
Gabriel Moreno,ARI,83,309,277,79,12,1,9,44,40,2,0.094,0.172,0.285,0.353,0.433,0.34,0.148,0.323
Carlos Narvaez,BOS,118,446,403,97,27,0,15,51,50,1,0.085,0.249,0.241,0.306,0.419,0.315,0.179,0.294
Jorge Polanco,SEA,138,524,471,125,30,0,26,64,78,6,0.08,0.156,0.265,0.326,0.495,0.35,0.229,0.269
Seiya Suzuki,CHC,151,651,571,140,31,3,32,75,103,5,0.109,0.252,0.245,0.326,0.478,0.343,0.233,0.282
Isaac Collins,MIL,130,441,372,98,22,3,9,56,54,16,0.129,0.21100000000000002,0.263,0.368,0.411,0.344,0.148,0.326
Carson Kelly,CHC,111,421,369,92,13,1,17,48,50,2,0.107,0.19,0.249,0.333,0.428,0.332,0.179,0.272
Gleyber Torres,DET,145,628,532,136,22,0,16,79,74,4,0.135,0.161,0.256,0.358,0.387,0.332,0.132,0.284
Carlos Correa,- - -,144,584,537,148,29,0,13,63,52,0,0.077,0.193,0.276,0.332,0.402,0.322,0.127,0.328
Caleb Durbin,MIL,136,506,445,114,25,0,11,60,53,18,0.059000000000000004,0.099,0.256,0.334,0.387,0.319,0.13,0.265
Jonathan Aranda,TBR,106,422,370,117,22,0,14,56,59,0,0.09699999999999999,0.254,0.316,0.393,0.489,0.381,0.173,0.409
Isaac Paredes,HOU,102,438,378,96,15,1,20,53,53,0,0.114,0.174,0.254,0.352,0.458,0.353,0.204,0.268
Xavier Edwards,MIA,139,619,561,159,20,5,3,75,43,27,0.079,0.142,0.283,0.343,0.353,0.308,0.07,0.33
Brent Rooker,ATH,162,699,626,164,40,3,30,92,89,6,0.09300000000000001,0.222,0.262,0.335,0.479,0.349,0.217,0.302
Christian Yelich,MIL,150,644,573,151,21,0,29,88,103,16,0.099,0.259,0.264,0.343,0.452,0.343,0.188,0.323
Wilyer Abreu,BOS,115,417,373,92,17,0,22,53,69,6,0.096,0.242,0.247,0.317,0.469,0.334,0.223,0.277
Brandon Marsh,PHI,133,425,379,106,25,2,11,59,43,7,0.08900000000000001,0.259,0.28,0.342,0.443,0.339,0.164,0.363
Jung Hoo Lee,SFG,150,617,560,149,31,12,8,73,55,10,0.076,0.115,0.266,0.327,0.407,0.32,0.141,0.291
Spencer Torkelson,DET,155,649,563,135,27,1,31,82,78,2,0.111,0.26,0.24,0.333,0.456,0.339,0.217,0.283
Brett Baty,NYM,130,432,393,100,13,2,18,53,50,8,0.076,0.25,0.254,0.313,0.435,0.324,0.181,0.304
Mike Yastrzemski,- - -,147,558,477,111,28,1,17,68,46,7,0.129,0.19399999999999998,0.233,0.333,0.403,0.321,0.17,0.263
Jake Meyers,HOU,104,381,343,100,15,2,3,53,24,16,0.081,0.17600000000000002,0.292,0.354,0.373,0.323,0.082,0.353
Otto Lopez,MIA,143,594,544,134,21,0,15,66,77,15,0.07400000000000001,0.138,0.246,0.305,0.368,0.295,0.121,0.264
Jakob Marsee,MIA,55,234,209,61,18,3,5,28,33,14,0.094,0.205,0.292,0.363,0.478,0.363,0.187,0.357
Daulton Varsho,TOR,71,271,248,59,13,2,20,43,55,2,0.063,0.284,0.238,0.284,0.548,0.345,0.31,0.25
Addison Barger,TOR,135,502,460,112,32,1,21,61,74,4,0.07200000000000001,0.24100000000000002,0.243,0.301,0.454,0.322,0.211,0.284
Mauricio Dubon,HOU,133,398,369,89,21,0,7,43,33,3,0.06,0.106,0.241,0.289,0.355,0.283,0.114,0.255
Alec Burleson,STL,139,546,497,144,26,2,18,54,69,5,0.071,0.145,0.29,0.343,0.459,0.346,0.169,0.312
Tyler Heineman,TOR,64,174,149,43,8,1,3,25,20,2,0.069,0.17800000000000002,0.289,0.361,0.416,0.341,0.128,0.342
Jose Altuve,HOU,155,654,588,156,24,1,26,80,77,10,0.084,0.16699999999999998,0.265,0.329,0.442,0.331,0.177,0.283
Ryan Jeffers,MIN,119,464,406,108,26,0,9,47,47,1,0.10800000000000001,0.196,0.266,0.356,0.397,0.333,0.131,0.322
Jeff McNeil,NYM,122,462,399,97,21,5,12,42,54,3,0.106,0.11900000000000001,0.243,0.335,0.411,0.324,0.168,0.253
J.T. Realmuto,PHI,134,550,502,129,26,1,12,57,52,8,0.064,0.235,0.257,0.315,0.384,0.307,0.127,0.321
Jose Caballero,- - -,126,370,314,74,18,1,5,52,36,49,0.127,0.265,0.236,0.339,0.347,0.309,0.111,0.324
Marcus Semien,TEX,127,534,470,108,16,1,15,62,62,11,0.094,0.174,0.23,0.305,0.364,0.295,0.134,0.251
Lawrence Butler,ATH,152,630,569,133,30,2,21,83,63,22,0.094,0.284,0.234,0.306,0.404,0.31,0.17,0.304
Sean Murphy,ATL,94,337,291,58,13,0,16,34,45,0,0.10400000000000001,0.312,0.199,0.3,0.409,0.309,0.21,0.243
Giancarlo Stanton,NYY,77,281,249,68,8,0,24,36,66,0,0.10300000000000001,0.342,0.273,0.35,0.594,0.395,0.321,0.338
Kyle Teel,CHW,78,297,253,69,11,0,8,38,35,3,0.125,0.259,0.273,0.375,0.411,0.349,0.138,0.361
Jordan Westburg,BAL,85,352,328,87,10,1,17,59,41,1,0.048,0.22699999999999998,0.265,0.313,0.457,0.332,0.192,0.302
Ryan McMahon,- - -,154,586,509,109,23,1,20,62,53,3,0.11900000000000001,0.32299999999999995,0.214,0.312,0.381,0.306,0.167,0.294
Mike Trout,LAA,130,556,456,106,14,1,26,73,64,2,0.156,0.32,0.232,0.359,0.439,0.343,0.206,0.31
Francisco Alvarez,NYM,76,277,246,63,12,1,11,32,32,0,0.09699999999999999,0.264,0.256,0.339,0.447,0.343,0.191,0.321
Nathan Lukes,TOR,135,438,388,99,19,2,12,55,65,2,0.087,0.13699999999999998,0.255,0.323,0.407,0.317,0.152,0.273
Josh Smith,TEX,144,563,495,124,23,2,10,70,35,12,0.098,0.17800000000000002,0.251,0.335,0.366,0.311,0.115,0.295
Jake Mangum,TBR,118,428,405,120,18,1,3,37,40,27,0.044000000000000004,0.15,0.296,0.33,0.368,0.307,0.072,0.345
Myles Straw,TOR,137,299,267,70,14,1,4,51,32,12,0.064,0.16699999999999998,0.262,0.313,0.367,0.299,0.105,0.308
Spencer Horwitz,PIT,108,411,364,99,26,0,11,55,51,0,0.107,0.17800000000000002,0.272,0.353,0.434,0.344,0.162,0.313
Brandon Lowe,TBR,134,553,507,130,19,0,31,79,83,3,0.069,0.26899999999999996,0.256,0.307,0.477,0.334,0.221,0.297
Alec Bohm,PHI,120,504,464,133,18,3,11,53,59,2,0.057999999999999996,0.163,0.287,0.331,0.409,0.322,0.123,0.324
Wenceel Perez,DET,100,383,344,84,17,4,13,47,43,8,0.081,0.22699999999999998,0.244,0.308,0.43,0.318,0.186,0.285
Austin Riley,ATL,102,447,416,108,20,1,16,54,54,2,0.06,0.28600000000000003,0.26,0.309,0.428,0.318,0.168,0.337
Miguel Rojas,LAD,114,317,290,76,18,0,7,35,27,5,0.076,0.145,0.262,0.318,0.397,0.312,0.134,0.291
Josh Jung,TEX,131,511,482,121,23,1,14,53,61,4,0.053,0.252,0.251,0.294,0.39,0.298,0.139,0.316
Victor Scott II,STL,138,463,398,86,15,1,5,54,37,34,0.091,0.24,0.216,0.305,0.296,0.274,0.08,0.284
Luke Keaschall,MIN,49,207,182,55,14,0,4,25,28,14,0.092,0.14,0.302,0.382,0.445,0.363,0.143,0.34
Edmundo Sosa,PHI,89,261,243,67,12,1,11,30,39,1,0.038,0.215,0.276,0.307,0.469,0.332,0.193,0.315
Colt Keith,DET,137,468,414,106,22,2,13,65,45,1,0.10300000000000001,0.218,0.256,0.333,0.413,0.326,0.157,0.307
Yainer Diaz,HOU,143,567,542,139,25,1,20,56,70,1,0.035,0.168,0.256,0.284,0.417,0.3,0.161,0.277
Oneil Cruz,PIT,135,544,471,94,18,3,20,62,61,38,0.11800000000000001,0.32,0.2,0.298,0.378,0.295,0.178,0.262
Pedro Pages,STL,112,389,361,83,15,0,11,38,45,0,0.049,0.275,0.23,0.272,0.363,0.276,0.133,0.293
Luis Torrens,NYM,93,283,261,59,14,1,5,20,29,1,0.067,0.198,0.226,0.284,0.345,0.278,0.119,0.27
Dominic Canzone,SEA,82,268,243,73,11,0,11,30,32,3,0.075,0.22,0.3,0.358,0.481,0.363,0.181,0.354
Romy Gonzalez,BOS,96,341,315,96,23,3,9,47,53,6,0.053,0.23800000000000002,0.305,0.343,0.483,0.352,0.178,0.378
Vinnie Pasquantino,KCR,160,682,621,164,33,1,32,72,113,1,0.07200000000000001,0.157,0.264,0.323,0.475,0.34,0.211,0.271
Kerry Carpenter,DET,130,464,433,109,18,5,26,66,62,1,0.039,0.228,0.252,0.291,0.497,0.335,0.245,0.274
Matt Shaw,CHC,126,437,393,89,21,3,13,57,44,17,0.087,0.215,0.226,0.295,0.394,0.3,0.168,0.262
Jared Triolo,PIT,107,376,331,75,18,2,7,41,24,13,0.10400000000000001,0.20199999999999999,0.227,0.311,0.356,0.296,0.13,0.273
Bo Naylor,CLE,123,414,359,70,22,1,14,46,47,1,0.109,0.239,0.195,0.282,0.379,0.289,0.184,0.222
Daylen Lile,WSN,91,351,321,96,15,11,9,51,41,8,0.06,0.16,0.299,0.347,0.498,0.36,0.199,0.336
Matt Wallner,MIN,104,392,336,68,16,3,22,47,40,4,0.11699999999999999,0.29100000000000004,0.202,0.311,0.464,0.334,0.262,0.228
Mike Tauchman,CHW,93,385,335,88,17,1,9,44,40,0,0.11699999999999999,0.223,0.263,0.356,0.4,0.335,0.137,0.328
Nolan Schanuel,LAA,132,564,488,129,23,1,12,64,53,5,0.105,0.126,0.264,0.353,0.389,0.327,0.125,0.286
Evan Carter,TEX,63,220,194,48,9,2,5,31,25,14,0.086,0.18600000000000003,0.247,0.336,0.392,0.321,0.144,0.291
Lenyn Sosa,CHW,140,544,518,137,20,1,22,57,75,2,0.033,0.233,0.264,0.293,0.434,0.313,0.17,0.309
Kody Clemens,- - -,119,386,348,74,12,4,19,46,52,5,0.075,0.24100000000000002,0.213,0.281,0.434,0.307,0.221,0.231
Javier Baez,DET,126,437,417,107,17,3,12,55,57,5,0.023,0.249,0.257,0.282,0.398,0.293,0.141,0.318
Michael Harris II,ATL,160,641,611,152,26,6,20,55,86,20,0.025,0.2,0.249,0.268,0.409,0.289,0.16,0.281
Matt McLain,CIN,147,577,510,112,18,0,15,73,50,18,0.095,0.289,0.22,0.3,0.343,0.286,0.124,0.292
Ke'Bryan Hayes,- - -,152,570,527,124,16,3,5,50,49,12,0.063,0.195,0.235,0.29,0.306,0.266,0.07,0.289
Joey Ortiz,MIL,149,506,470,108,18,1,7,62,45,14,0.053,0.146,0.23,0.276,0.317,0.263,0.087,0.26
Davis Schneider,TOR,82,227,188,44,5,0,11,33,31,3,0.159,0.264,0.234,0.361,0.436,0.351,0.202,0.28
Jurickson Profar,ATL,80,371,318,78,16,1,14,56,43,9,0.129,0.159,0.245,0.353,0.434,0.346,0.189,0.261
Heriberto Hernandez,MIA,87,294,256,68,12,1,10,40,45,1,0.105,0.262,0.266,0.347,0.438,0.341,0.172,0.335
Gavin Sheets,SDP,145,545,492,124,28,1,19,57,71,2,0.081,0.196,0.252,0.317,0.429,0.323,0.177,0.284
Danny Jansen,- - -,98,337,288,62,11,0,14,38,36,0,0.125,0.255,0.215,0.321,0.399,0.318,0.184,0.253
Miguel Vargas,CHW,138,569,504,118,32,2,16,80,60,6,0.098,0.17600000000000002,0.234,0.316,0.401,0.314,0.167,0.261
Joey Bart,PIT,93,332,285,71,12,1,4,21,30,1,0.12,0.28,0.249,0.355,0.34,0.317,0.091,0.356
Cedric Mullins,- - -,133,498,435,94,23,1,17,58,59,22,0.1,0.24100000000000002,0.216,0.299,0.391,0.302,0.175,0.253
Ozzie Albies,ATL,157,667,603,145,23,2,16,74,74,14,0.08199999999999999,0.141,0.24,0.306,0.365,0.295,0.124,0.259
Luis Robert Jr.,CHW,110,431,382,85,12,0,14,52,53,33,0.09300000000000001,0.26,0.223,0.297,0.364,0.289,0.141,0.274
Chase Meidroth,CHW,122,505,450,114,15,0,5,54,23,14,0.08900000000000001,0.14300000000000002,0.253,0.329,0.32,0.294,0.067,0.291
Denzel Clarke,ATH,47,159,148,34,8,2,3,18,8,6,0.038,0.384,0.23,0.274,0.372,0.281,0.142,0.369
Daniel Schneemann,CLE,131,422,379,78,18,1,12,48,41,9,0.09,0.27699999999999997,0.206,0.283,0.354,0.28,0.148,0.263
Jo Adell,LAA,152,573,526,124,18,1,37,63,98,5,0.057999999999999996,0.264,0.236,0.293,0.485,0.333,0.249,0.257
Kyle Manzardo,CLE,142,531,470,110,19,2,27,47,70,2,0.09,0.254,0.234,0.313,0.455,0.329,0.221,0.265
Austin Hays,CIN,103,416,380,101,16,5,15,60,64,7,0.07,0.257,0.266,0.315,0.453,0.327,0.187,0.326
Marcell Ozuna,ATL,145,592,487,113,19,0,21,61,68,0,0.159,0.243,0.232,0.355,0.4,0.334,0.168,0.28
Jackson Holliday,BAL,149,649,586,142,21,3,17,70,55,17,0.086,0.21600000000000003,0.242,0.314,0.375,0.304,0.133,0.291
Adley Rutschman,BAL,90,365,322,71,16,2,9,37,29,0,0.11,0.156,0.22,0.307,0.366,0.298,0.146,0.24
Tommy Edman,LAD,97,377,346,78,13,1,13,49,49,3,0.05,0.162,0.225,0.274,0.382,0.284,0.156,0.235
Austin Hedges,CLE,70,180,155,25,3,0,5,13,10,1,0.1,0.239,0.161,0.25,0.277,0.239,0.116,0.183
Jahmai Jones,DET,72,150,129,37,11,1,7,21,23,2,0.12,0.213,0.287,0.387,0.55,0.399,0.264,0.333
Miguel Andujar,- - -,94,341,321,102,17,1,10,36,44,1,0.05,0.14400000000000002,0.318,0.352,0.47,0.354,0.153,0.348
Alex Jackson,BAL,37,100,91,20,8,0,5,17,8,0,0.05,0.37,0.22,0.29,0.473,0.327,0.253,0.306
Noelvi Marte,CIN,90,360,339,89,17,2,14,45,51,10,0.044000000000000004,0.23600000000000002,0.263,0.3,0.448,0.321,0.186,0.31
Tyler Stephenson,CIN,88,342,299,69,18,0,13,40,50,0,0.10800000000000001,0.33899999999999997,0.231,0.316,0.421,0.319,0.191,0.322
Heliot Ramos,SFG,157,695,620,159,24,1,21,85,69,6,0.075,0.22699999999999998,0.256,0.328,0.4,0.319,0.144,0.309
Bryan Reynolds,PIT,154,654,587,144,38,3,16,68,73,3,0.087,0.265,0.245,0.318,0.402,0.315,0.157,0.319
Christian Walker,HOU,154,640,585,139,24,1,27,72,88,2,0.063,0.27699999999999997,0.238,0.297,0.421,0.31,0.183,0.291
Ramon Urias,- - -,112,391,352,85,17,0,11,33,44,3,0.069,0.225,0.241,0.292,0.384,0.292,0.142,0.281
Kyle Isbel,KCR,135,409,368,94,16,4,4,42,33,4,0.055999999999999994,0.18100000000000002,0.255,0.301,0.353,0.287,0.098,0.307
Gabriel Arias,CLE,129,471,432,95,25,2,11,44,54,8,0.057,0.344,0.22,0.274,0.363,0.278,0.144,0.319
Austin Wynns,- - -,40,110,103,30,8,0,6,13,21,0,0.045,0.29100000000000004,0.291,0.321,0.544,0.365,0.252,0.364
Rob Refsnyder,BOS,70,209,182,49,12,0,9,29,30,3,0.115,0.258,0.269,0.354,0.484,0.359,0.214,0.331
Austin Martin,MIN,50,181,156,44,8,1,1,22,7,11,0.122,0.171,0.282,0.374,0.365,0.333,0.083,0.347
Spencer Steer,CIN,146,568,509,121,21,2,21,66,75,7,0.09,0.22699999999999998,0.238,0.312,0.411,0.316,0.173,0.277
Blaze Alexander,ARI,74,266,230,53,12,1,7,31,28,4,0.083,0.32299999999999995,0.23,0.323,0.383,0.313,0.152,0.333
Jesus Sanchez,- - -,134,497,451,107,21,4,14,61,48,13,0.085,0.221,0.237,0.304,0.395,0.304,0.157,0.283
Liam Hicks,MIA,119,390,332,82,13,1,6,37,45,2,0.11,0.14400000000000002,0.247,0.346,0.346,0.313,0.099,0.278
Kyle Higashioka,TEX,94,327,303,73,14,1,11,33,47,3,0.061,0.22,0.241,0.291,0.403,0.301,0.162,0.279
Graham Pauley,MIA,62,184,161,36,9,1,4,18,11,2,0.114,0.196,0.224,0.311,0.366,0.3,0.143,0.262
Cam Smith,HOU,134,493,441,104,21,3,9,55,51,8,0.087,0.278,0.236,0.312,0.358,0.298,0.122,0.32
Royce Lewis,MIN,106,403,376,89,18,0,13,36,52,12,0.062,0.19899999999999998,0.237,0.283,0.388,0.292,0.152,0.267
Anthony Volpe,NYY,153,596,539,114,32,4,19,65,72,18,0.07200000000000001,0.252,0.212,0.272,0.391,0.286,0.18,0.252
Nick Fortes,- - -,97,242,218,50,9,1,5,19,21,1,0.057999999999999996,0.19399999999999998,0.229,0.296,0.349,0.286,0.119,0.269
Freddy Fermin,- - -,109,347,319,80,13,0,5,32,26,1,0.055,0.187,0.251,0.297,0.339,0.28,0.088,0.301
Andres Gimenez,TOR,101,369,329,69,11,1,7,39,35,12,0.068,0.179,0.21,0.285,0.313,0.269,0.103,0.239
Jacob Young,WSN,120,364,324,75,10,1,2,34,31,15,0.07400000000000001,0.179,0.231,0.296,0.287,0.264,0.056,0.283
Rhys Hoskins,MIL,90,328,279,66,12,1,12,30,43,2,0.11599999999999999,0.27699999999999997,0.237,0.332,0.416,0.324,0.179,0.297
Alex Call,- - -,110,322,270,72,13,2,5,43,31,2,0.11199999999999999,0.171,0.267,0.361,0.385,0.331,0.119,0.313
Jordan Beck,COL,148,588,539,139,27,5,16,62,53,19,0.073,0.29600000000000004,0.258,0.317,0.416,0.319,0.158,0.351
Luis Arraez,SDP,154,675,620,181,30,4,8,66,61,11,0.05,0.031,0.292,0.327,0.392,0.313,0.1,0.289
Ty France,- - -,138,490,444,114,25,0,7,50,52,1,0.045,0.16899999999999998,0.257,0.32,0.36,0.302,0.104,0.3
Nolan Arenado,STL,107,436,401,95,18,1,12,48,52,3,0.064,0.11199999999999999,0.237,0.289,0.377,0.287,0.14,0.241
Nick Gonzales,PIT,96,408,381,99,18,3,5,39,30,0,0.051,0.179,0.26,0.299,0.362,0.289,0.102,0.306
Miguel Amaya,CHC,28,103,96,27,9,0,4,14,25,0,0.039,0.214,0.281,0.314,0.5,0.346,0.219,0.324
Jeremiah Jackson,BAL,48,183,170,47,10,2,5,20,21,0,0.06,0.273,0.276,0.328,0.447,0.336,0.171,0.365
Jake Bauers,MIL,86,218,183,43,9,0,7,28,28,8,0.147,0.271,0.235,0.353,0.399,0.333,0.164,0.305
Paul Goldschmidt,NYY,146,534,489,134,31,1,10,76,45,5,0.067,0.187,0.274,0.328,0.403,0.316,0.129,0.325
Victor Caratini,HOU,114,386,344,89,14,0,12,35,46,1,0.06,0.168,0.259,0.324,0.404,0.318,0.145,0.282
Leo Rivas,SEA,48,111,90,22,2,0,2,19,9,6,0.18,0.21600000000000003,0.244,0.387,0.333,0.333,0.089,0.313
Lourdes Gurriel Jr.,ARI,129,546,500,124,24,2,19,52,80,10,0.057,0.139,0.248,0.295,0.418,0.307,0.17,0.254
Hyeseong Kim,LAD,71,170,161,45,6,1,3,19,17,13,0.040999999999999995,0.306,0.28,0.314,0.385,0.306,0.106,0.396
Ezequiel Tovar,COL,95,390,360,91,18,4,9,44,33,5,0.054000000000000006,0.251,0.253,0.294,0.4,0.301,0.147,0.322
Reese McGuire,CHC,45,140,133,30,2,0,9,17,24,0,0.028999999999999998,0.193,0.226,0.245,0.444,0.29,0.218,0.212
Lars Nootbaar,STL,135,583,509,119,24,1,13,68,48,4,0.11,0.204,0.234,0.325,0.361,0.304,0.128,0.279
Tyrone Taylor,NYM,113,341,310,69,18,3,2,34,27,12,0.047,0.223,0.223,0.279,0.319,0.264,0.097,0.286
Joey Loperfido,TOR,41,104,96,32,4,0,4,12,14,1,0.038,0.26,0.333,0.379,0.5,0.381,0.167,0.431
Pavin Smith,ARI,87,288,244,63,17,1,8,36,28,2,0.142,0.319,0.258,0.362,0.434,0.348,0.176,0.377
Yoan Moncada,LAA,84,289,248,58,13,2,12,39,35,0,0.111,0.26,0.234,0.336,0.448,0.339,0.214,0.282
Dylan Beavers,BAL,35,137,110,25,5,1,4,16,14,2,0.19,0.263,0.227,0.375,0.4,0.347,0.173,0.3
Andruw Monasterio,MIL,68,135,126,34,9,0,4,19,16,2,0.052000000000000005,0.237,0.27,0.319,0.437,0.328,0.167,0.333
James McCann,ARI,42,137,123,32,6,0,5,18,17,0,0.057999999999999996,0.24100000000000002,0.26,0.324,0.431,0.328,0.171,0.314
Starling Marte,NYM,98,329,293,79,14,0,9,37,34,7,0.067,0.207,0.27,0.335,0.41,0.326,0.14,0.318
Casey Schmitt,SFG,95,348,312,74,15,0,12,34,40,0,0.078,0.239,0.237,0.305,0.401,0.307,0.163,0.282
Luis Garcia Jr.,WSN,139,526,488,123,28,1,16,67,66,14,0.051,0.16,0.252,0.289,0.412,0.3,0.16,0.27
Adam Frazier,- - -,134,459,419,112,20,0,7,43,44,8,0.057,0.17600000000000002,0.267,0.319,0.365,0.3,0.098,0.313
Javier Sanoja,MIA,120,342,313,76,22,4,6,40,38,6,0.055999999999999994,0.12,0.243,0.287,0.396,0.294,0.153,0.259
Eli White,ATL,105,271,256,60,8,3,10,43,35,10,0.040999999999999995,0.258,0.234,0.27,0.406,0.29,0.172,0.282
Chandler Simpson,TBR,109,441,414,122,15,3,0,53,26,44,0.045,0.098,0.295,0.326,0.345,0.296,0.051,0.327
Adolis Garcia,TEX,135,547,507,115,28,0,19,58,75,13,0.051,0.247,0.227,0.271,0.394,0.286,0.168,0.267
Ronny Mauricio,NYM,61,184,168,38,6,0,6,19,10,4,0.08199999999999999,0.293,0.226,0.293,0.369,0.29,0.143,0.296
Isiah Kiner-Falefa,- - -,138,459,431,113,21,2,2,45,40,15,0.037000000000000005,0.168,0.262,0.297,0.334,0.279,0.072,0.314
Derek Hill,- - -,57,149,134,29,6,0,3,19,11,7,0.06,0.322,0.216,0.281,0.328,0.272,0.112,0.313
Nick Allen,ATL,135,416,371,82,11,0,0,32,22,8,0.075,0.23800000000000002,0.221,0.284,0.251,0.245,0.03,0.298
Mickey Moniak,COL,135,461,434,117,20,8,24,62,68,9,0.048,0.239,0.27,0.306,0.518,0.348,0.249,0.307
Michael Helman,TEX,38,110,99,23,5,1,5,18,20,4,0.064,0.191,0.232,0.29,0.455,0.319,0.222,0.247
Teoscar Hernandez,LAD,134,546,511,126,29,1,25,65,89,5,0.048,0.245,0.247,0.284,0.454,0.315,0.207,0.283
Jasson Dominguez,NYY,123,429,381,98,18,1,10,58,47,23,0.096,0.268,0.257,0.331,0.388,0.316,0.131,0.338
Andrew Vaughn,- - -,112,447,406,103,22,0,14,35,65,0,0.069,0.179,0.254,0.307,0.411,0.311,0.158,0.28
Max Kepler,PHI,127,474,417,90,19,0,18,58,52,3,0.10099999999999999,0.196,0.216,0.3,0.391,0.3,0.175,0.232
Willi Castro,- - -,120,454,402,91,17,3,11,58,33,10,0.08800000000000001,0.244,0.226,0.313,0.366,0.302,0.139,0.286
Colton Cowser,BAL,92,360,327,64,14,0,16,36,40,14,0.075,0.35600000000000004,0.196,0.269,0.385,0.285,0.19,0.262
Matt Thaiss,- - -,60,190,156,34,6,1,1,16,16,1,0.153,0.242,0.218,0.349,0.288,0.298,0.071,0.3
Max Schuemann,ATH,101,213,183,36,4,2,2,20,13,7,0.10300000000000001,0.16399999999999998,0.197,0.295,0.273,0.262,0.077,0.231
Bryce Teodosio,LAA,50,150,138,28,7,2,1,12,7,7,0.033,0.313,0.203,0.248,0.304,0.243,0.101,0.293
Yordan Alvarez,HOU,48,199,165,45,8,0,6,17,27,1,0.141,0.166,0.273,0.367,0.43,0.338,0.158,0.295
Salvador Perez,KCR,155,641,597,141,35,0,30,54,100,0,0.044000000000000004,0.195,0.236,0.284,0.446,0.311,0.209,0.251
Connor Norby,MIA,88,337,311,78,17,1,8,42,34,8,0.053,0.267,0.251,0.3,0.389,0.3,0.138,0.324
Christian Koss,SFG,76,191,174,46,9,0,3,25,23,4,0.047,0.23600000000000002,0.264,0.309,0.368,0.297,0.103,0.336
Alek Thomas,ARI,143,469,433,108,19,3,9,51,38,7,0.045,0.26,0.249,0.289,0.37,0.287,0.12,0.324
Thomas Saggese,STL,82,295,275,71,17,0,2,25,25,3,0.054000000000000006,0.281,0.258,0.299,0.342,0.282,0.084,0.359
Dominic Smith,SFG,63,225,204,58,12,0,5,26,33,2,0.067,0.187,0.284,0.333,0.417,0.325,0.132,0.329
Amed Rosario,- - -,63,191,181,50,11,0,6,20,23,1,0.037000000000000005,0.162,0.276,0.309,0.436,0.321,0.16,0.303
Mark Vientos,NYM,121,463,424,99,21,2,17,44,61,1,0.065,0.248,0.233,0.289,0.413,0.303,0.179,0.277
Marcelo Mayer,BOS,44,136,127,29,8,1,4,20,10,0,0.059000000000000004,0.301,0.228,0.272,0.402,0.29,0.173,0.301
Andy Ibanez,DET,91,193,176,42,8,0,4,24,21,4,0.062,0.135,0.239,0.301,0.352,0.289,0.114,0.259
Brenton Doyle,COL,138,538,502,117,23,2,15,57,57,18,0.055999999999999994,0.257,0.233,0.274,0.376,0.282,0.143,0.289
Blake Perkins,MIL,54,171,155,35,6,2,3,25,19,7,0.08800000000000001,0.275,0.226,0.298,0.348,0.287,0.123,0.305
Kyren Paris,LAA,44,140,126,24,4,1,6,20,11,7,0.071,0.42100000000000004,0.19,0.266,0.381,0.283,0.19,0.295
Brayan Rocchio,CLE,115,383,344,80,18,2,5,34,44,8,0.057,0.201,0.233,0.29,0.34,0.278,0.108,0.281
Elias Diaz,SDP,106,283,255,52,7,0,9,34,29,0,0.07400000000000001,0.261,0.204,0.27,0.337,0.269,0.133,0.25
Ben Williamson,SEA,85,295,277,70,13,0,1,36,21,5,0.051,0.217,0.253,0.294,0.31,0.269,0.058,0.325
Johan Rojas,PHI,71,172,152,34,3,2,1,23,18,12,0.076,0.233,0.224,0.28,0.289,0.254,0.066,0.289
Luisangel Acuna,NYM,95,193,175,41,7,0,0,30,8,16,0.067,0.192,0.234,0.293,0.274,0.258,0.04,0.295
Gavin Lux,CIN,140,503,446,120,28,2,5,49,53,1,0.111,0.22699999999999998,0.269,0.35,0.374,0.322,0.105,0.351
Jake Fraley,- - -,76,217,191,46,9,0,6,31,23,4,0.115,0.226,0.241,0.332,0.382,0.316,0.141,0.294
DJ LeMahieu,NYY,45,142,128,34,3,0,2,13,12,0,0.099,0.24600000000000002,0.266,0.338,0.336,0.304,0.07,0.352
Brooks Lee,MIN,139,527,487,115,15,1,16,50,64,3,0.059000000000000004,0.175,0.236,0.285,0.37,0.286,0.133,0.258
Ha-seong Kim,- - -,48,191,171,40,4,0,5,19,17,6,0.084,0.204,0.234,0.304,0.345,0.288,0.111,0.271
Carlos Santana,- - -,124,474,415,91,11,0,11,49,54,7,0.11,0.192,0.219,0.308,0.325,0.284,0.106,0.252
Jose Trevino,CIN,94,302,282,67,20,0,4,30,22,0,0.05,0.129,0.238,0.272,0.351,0.271,0.113,0.259
Miles Mastrobuoni,SEA,76,175,152,38,4,0,1,20,12,6,0.09699999999999999,0.166,0.25,0.324,0.296,0.282,0.046,0.301
Kameron Misner,TBR,71,217,197,42,9,1,5,27,22,8,0.07400000000000001,0.318,0.213,0.273,0.345,0.272,0.132,0.296
Jake Rogers,DET,49,142,123,23,5,2,3,14,19,0,0.106,0.275,0.187,0.277,0.333,0.27,0.146,0.241
Taylor Walls,TBR,101,317,282,62,14,1,4,36,38,14,0.08199999999999999,0.221,0.22,0.28,0.319,0.265,0.099,0.271
Rafael Marchan,PHI,42,118,105,22,4,0,2,9,13,0,0.085,0.14400000000000002,0.21,0.282,0.305,0.264,0.095,0.23
Brandon Lockridge,- - -,67,148,134,31,7,1,0,17,11,10,0.054000000000000006,0.243,0.231,0.276,0.299,0.254,0.067,0.31
Christian Vazquez,MIN,65,214,190,36,7,0,3,14,14,1,0.084,0.16399999999999998,0.189,0.271,0.274,0.248,0.084,0.214
Troy Johnston,MIA,44,121,112,31,2,1,4,12,13,2,0.066,0.215,0.277,0.331,0.42,0.328,0.143,0.329
Andrew Benintendi,CHW,116,470,420,101,16,2,20,57,63,1,0.085,0.174,0.24,0.307,0.431,0.317,0.19,0.25
Trevor Larnach,MIN,142,567,503,126,24,1,17,62,60,4,0.09300000000000001,0.215,0.25,0.323,0.404,0.317,0.153,0.295
C.J. Kayfus,CLE,44,138,123,27,10,1,4,16,19,4,0.08,0.275,0.22,0.292,0.415,0.306,0.195,0.28
Tommy Pham,PIT,120,449,392,96,17,1,10,44,52,5,0.111,0.209,0.245,0.33,0.37,0.308,0.125,0.294
Sam Haggerty,TEX,64,182,162,41,7,3,2,31,13,12,0.08800000000000001,0.203,0.253,0.328,0.37,0.307,0.117,0.317
Coby Mayo,BAL,85,294,263,57,12,0,11,30,28,3,0.092,0.28600000000000003,0.217,0.299,0.388,0.303,0.171,0.274
Ildemaro Vargas,ARI,38,121,115,31,2,1,3,12,19,0,0.017,0.124,0.27,0.292,0.383,0.292,0.113,0.286
Christian Moore,LAA,53,184,162,32,5,1,7,20,16,3,0.10300000000000001,0.337,0.198,0.284,0.37,0.288,0.173,0.266
Paul DeJong,WSN,57,208,193,44,10,0,6,18,23,4,0.053,0.337,0.228,0.269,0.373,0.278,0.145,0.317
Yohel Pozo,STL,67,168,160,37,8,0,5,16,19,0,0.042,0.131,0.231,0.262,0.375,0.275,0.144,0.239
Luke Raley,SEA,73,219,183,37,8,0,4,23,19,2,0.087,0.292,0.202,0.319,0.311,0.291,0.109,0.284
Dylan Crews,WSN,85,322,293,61,8,2,10,43,27,17,0.075,0.23600000000000002,0.208,0.28,0.352,0.279,0.143,0.246
Nacho Alvarez Jr.,ATL,58,208,188,44,12,0,2,18,15,0,0.057999999999999996,0.23600000000000002,0.234,0.296,0.33,0.279,0.096,0.304
Parker Meadows,DET,58,213,191,41,6,2,4,22,16,4,0.099,0.263,0.215,0.291,0.33,0.277,0.115,0.28
Josh Bell,WSN,140,533,468,111,16,1,22,54,63,0,0.107,0.165,0.237,0.325,0.417,0.324,0.179,0.247
Rowdy Tellez,- - -,112,312,289,66,11,0,17,34,49,1,0.054000000000000006,0.266,0.228,0.276,0.443,0.307,0.215,0.255
Zach Dezenzo,HOU,34,109,98,24,6,0,2,17,10,1,0.10099999999999999,0.33899999999999997,0.245,0.321,0.367,0.306,0.122,0.373
Enmanuel Valdez,PIT,31,102,91,19,4,2,2,7,12,0,0.10800000000000001,0.157,0.209,0.294,0.363,0.29,0.154,0.233
Luis Urias,ATH,96,330,287,66,7,0,8,27,25,2,0.094,0.136,0.23,0.315,0.338,0.293,0.108,0.245
Nick Loftin,KCR,67,188,168,35,9,2,4,17,20,1,0.07400000000000001,0.14400000000000002,0.208,0.278,0.357,0.279,0.149,0.223
Ryan Ritter,COL,60,207,187,45,9,3,1,22,18,3,0.048,0.295,0.241,0.296,0.337,0.28,0.096,0.349
Oswaldo Cabrera,NYY,34,122,107,26,4,0,1,17,11,0,0.09,0.205,0.243,0.322,0.308,0.286,0.065,0.305
Curtis Mead,- - -,90,264,240,56,10,1,3,26,19,5,0.057,0.239,0.233,0.299,0.321,0.278,0.088,0.303
Tyler Fitzgerald,SFG,72,243,217,47,10,1,4,19,14,9,0.07,0.28800000000000003,0.217,0.278,0.327,0.269,0.111,0.299
Drew Gilbert,SFG,39,109,100,19,5,1,3,12,13,1,0.064,0.183,0.19,0.248,0.35,0.26,0.16,0.205
John Rave,KCR,72,175,153,30,5,0,4,18,14,7,0.10300000000000001,0.263,0.196,0.283,0.307,0.267,0.111,0.25
David Hamilton,BOS,91,194,177,35,4,1,6,27,19,22,0.067,0.242,0.198,0.257,0.333,0.26,0.136,0.234
Will Benson,CIN,90,253,230,52,8,2,12,31,41,2,0.063,0.265,0.226,0.273,0.435,0.298,0.209,0.255
Agustin Ramirez,MIA,136,585,537,124,33,1,21,72,67,16,0.062,0.193,0.231,0.287,0.413,0.302,0.182,0.253
Colby Thomas,ATH,49,132,120,27,5,0,6,20,19,2,0.053,0.371,0.225,0.267,0.417,0.291,0.192,0.309
Adrian Del Castillo,ARI,44,131,120,29,6,0,4,9,17,0,0.061,0.359,0.242,0.29,0.392,0.295,0.15,0.352
Jose Tena,WSN,50,169,152,37,13,2,0,19,16,3,0.08900000000000001,0.21899999999999997,0.243,0.314,0.355,0.296,0.112,0.319
Justyn-Henry Malloy,DET,52,127,104,23,6,0,1,15,17,0,0.157,0.252,0.221,0.346,0.308,0.301,0.087,0.301
Austin Slater,- - -,65,160,148,32,6,1,5,22,13,1,0.069,0.319,0.216,0.27,0.372,0.28,0.155,0.293
Mitch Garver,SEA,87,290,254,53,5,1,9,29,30,3,0.10300000000000001,0.276,0.209,0.297,0.343,0.284,0.134,0.262
Donovan Solano,- - -,71,179,166,41,4,1,3,10,21,0,0.045,0.223,0.247,0.291,0.337,0.277,0.09,0.304
Luis Rengifo,LAA,147,541,501,119,16,3,9,55,43,10,0.061,0.192,0.238,0.287,0.335,0.275,0.098,0.281
Tim Tawa,ARI,74,225,199,40,8,0,7,29,18,8,0.08900000000000001,0.284,0.201,0.274,0.347,0.273,0.146,0.252
Matt Vierling,DET,31,100,88,21,3,0,1,6,11,2,0.07,0.24,0.239,0.31,0.307,0.278,0.068,0.308
Dane Myers,MIA,106,333,307,72,10,0,6,29,31,18,0.069,0.231,0.235,0.291,0.326,0.275,0.091,0.293
Alejandro Osuna,TEX,63,176,151,32,4,0,2,12,15,5,0.11900000000000001,0.193,0.212,0.313,0.278,0.27,0.066,0.256
Kyle Karros,COL,43,156,137,31,4,0,1,20,9,0,0.096,0.263,0.226,0.308,0.277,0.268,0.051,0.309
Ezequiel Duran,TEX,90,219,205,46,14,0,0,16,14,11,0.037000000000000005,0.251,0.224,0.266,0.293,0.249,0.068,0.305
Gary Sanchez,BAL,30,101,91,21,2,0,5,13,24,0,0.04,0.267,0.231,0.297,0.418,0.311,0.187,0.267
Andrew McCutchen,PIT,135,551,477,114,22,0,13,51,57,1,0.122,0.214,0.239,0.333,0.367,0.309,0.128,0.289
JJ Bleday,ATH,98,344,307,65,17,0,14,48,39,1,0.105,0.265,0.212,0.294,0.404,0.302,0.192,0.251
Masataka Yoshida,BOS,55,205,188,50,11,0,4,16,26,3,0.049,0.11699999999999999,0.266,0.307,0.388,0.302,0.122,0.28
Jake Burger,TEX,103,376,356,84,15,1,16,43,53,1,0.032,0.247,0.236,0.269,0.419,0.295,0.183,0.272
Christopher Morel,TBR,105,305,278,61,16,0,11,37,33,7,0.08199999999999999,0.35700000000000004,0.219,0.289,0.396,0.299,0.176,0.316
Nick Sogard,BOS,30,104,96,25,8,0,0,13,9,2,0.048,0.231,0.26,0.317,0.344,0.295,0.083,0.347
Josh Lowe,TBR,108,435,396,87,21,2,11,56,40,18,0.076,0.251,0.22,0.283,0.366,0.284,0.146,0.273
Dylan Moore,- - -,106,243,219,44,5,0,11,35,25,14,0.08199999999999999,0.337,0.201,0.267,0.374,0.28,0.174,0.256
Angel Martinez,CLE,139,484,446,100,23,2,11,56,45,8,0.048,0.22699999999999998,0.224,0.269,0.359,0.274,0.135,0.271
Michael A. Taylor,CHW,134,325,295,59,20,1,9,33,35,8,0.071,0.33799999999999997,0.2,0.259,0.366,0.27,0.166,0.281
Darell Hernaiz,ATH,51,197,173,40,5,1,2,17,16,3,0.086,0.122,0.231,0.292,0.306,0.266,0.075,0.25
Jake McCarthy,ARI,67,222,206,42,7,5,4,18,20,6,0.045,0.18,0.204,0.247,0.345,0.256,0.141,0.233
Dalton Rushing,LAD,53,155,142,29,5,0,4,15,24,0,0.065,0.374,0.204,0.258,0.324,0.256,0.12,0.305
Willie MacIver,ATH,33,111,102,19,5,0,3,7,9,3,0.063,0.243,0.186,0.252,0.324,0.256,0.137,0.222
Chas McCormick,HOU,66,116,100,21,5,0,1,13,5,2,0.078,0.267,0.21,0.279,0.29,0.257,0.08,0.29
Alan Roden,- - -,55,153,136,26,6,1,2,17,9,1,0.052000000000000005,0.242,0.191,0.261,0.294,0.249,0.103,0.24
Henry Davis,PIT,87,283,252,42,7,0,7,25,22,2,0.064,0.26899999999999996,0.167,0.234,0.278,0.229,0.111,0.203
Otto Kemp,PHI,62,218,197,46,11,0,8,26,28,2,0.055,0.307,0.234,0.298,0.411,0.308,0.178,0.306
Brooks Baldwin,CHW,103,328,300,72,15,1,11,32,38,5,0.064,0.262,0.24,0.29,0.407,0.302,0.167,0.298
Luis Matos,SFG,57,184,172,38,9,1,8,26,22,4,0.06,0.147,0.221,0.266,0.424,0.296,0.203,0.217
Edgar Quero,CHW,111,403,365,98,17,0,5,31,36,0,0.079,0.17600000000000002,0.268,0.333,0.356,0.307,0.088,0.32
Wilmer Flores,SFG,125,463,419,101,10,0,16,44,71,1,0.073,0.19,0.241,0.307,0.379,0.302,0.138,0.267
Nolan Gorman,STL,111,402,351,72,14,1,14,48,46,1,0.11699999999999999,0.33799999999999997,0.205,0.296,0.37,0.292,0.165,0.283
Kristian Campbell,BOS,67,263,229,51,10,0,6,24,21,2,0.11,0.27399999999999997,0.223,0.319,0.345,0.299,0.122,0.296
Taylor Trammell,HOU,52,135,117,23,7,0,3,15,12,3,0.126,0.304,0.197,0.296,0.333,0.282,0.137,0.27
Enrique Hernandez,LAD,93,256,232,47,8,0,10,30,35,0,0.07,0.266,0.203,0.255,0.366,0.268,0.164,0.233
Victor Robles,SEA,32,114,106,26,4,1,1,12,9,6,0.026000000000000002,0.228,0.245,0.281,0.33,0.268,0.085,0.309
Jose Iglesias,SDP,112,343,306,70,11,0,3,29,36,5,0.07,0.163,0.229,0.298,0.294,0.268,0.065,0.269
Cooper Hummel,- - -,37,105,88,15,0,0,3,10,7,1,0.133,0.295,0.17,0.298,0.273,0.268,0.102,0.222
Nathaniel Lowe,- - -,153,609,540,123,23,3,18,64,84,1,0.102,0.261,0.228,0.307,0.381,0.301,0.154,0.285
Tyler O'Neill,BAL,54,209,181,36,6,1,9,22,26,4,0.105,0.244,0.199,0.292,0.392,0.297,0.193,0.218
Jorge Soler,LAA,82,315,279,60,12,0,12,31,34,0,0.08900000000000001,0.298,0.215,0.293,0.387,0.298,0.172,0.273
Jonathan India,KCR,136,567,497,116,29,0,9,63,45,0,0.095,0.187,0.233,0.323,0.346,0.301,0.113,0.279
Thairo Estrada,COL,39,165,154,39,9,0,3,14,21,1,0.036000000000000004,0.158,0.253,0.285,0.37,0.284,0.117,0.281
Cole Young,SEA,77,257,223,47,7,1,4,24,24,1,0.109,0.183,0.211,0.302,0.305,0.274,0.094,0.247
Will Wagner,- - -,55,149,129,29,7,0,0,15,7,1,0.114,0.188,0.225,0.324,0.279,0.28,0.054,0.287
Justin Turner,CHC,80,191,169,37,7,0,3,14,18,2,0.08900000000000001,0.19399999999999998,0.219,0.288,0.314,0.268,0.095,0.256
Cody Freeman,TEX,36,121,114,26,4,0,3,13,15,1,0.040999999999999995,0.157,0.228,0.258,0.342,0.261,0.114,0.247
Travis d'Arnaud,LAA,69,231,213,42,13,0,6,16,21,0,0.055999999999999994,0.32,0.197,0.255,0.343,0.263,0.146,0.269
Jonatan Clase,TOR,34,112,100,21,3,0,2,10,9,3,0.08900000000000001,0.25,0.21,0.288,0.3,0.267,0.09,0.271
Santiago Espinal,CIN,114,328,301,73,12,0,0,25,16,2,0.064,0.11599999999999999,0.243,0.292,0.282,0.259,0.04,0.275
Emmanuel Rivera,BAL,43,127,120,30,4,0,0,5,13,1,0.047,0.18899999999999997,0.25,0.291,0.283,0.258,0.033,0.313
Brady House,WSN,73,274,261,61,11,0,4,26,29,5,0.028999999999999998,0.285,0.234,0.252,0.322,0.248,0.088,0.31
Carson Williams,TBR,32,106,99,17,3,0,5,11,12,2,0.057,0.415,0.172,0.219,0.354,0.248,0.182,0.24
Tyler Wade,SDP,60,127,107,22,1,2,0,13,9,1,0.11800000000000001,0.244,0.206,0.309,0.252,0.262,0.047,0.289
Samuel Basallo,BAL,31,118,109,18,6,0,4,10,15,0,0.051,0.254,0.165,0.229,0.33,0.246,0.165,0.187
Jose Herrera,ARI,58,204,166,31,6,0,2,21,17,0,0.113,0.23,0.187,0.285,0.259,0.251,0.072,0.242
Brendan Rodgers,HOU,43,128,115,22,4,0,2,12,11,0,0.086,0.359,0.191,0.266,0.278,0.246,0.087,0.294
Zack Gelof,ATH,30,101,92,16,3,0,2,12,7,1,0.069,0.455,0.174,0.23,0.272,0.224,0.098,0.311
Warming Bernabel,COL,40,146,139,35,8,1,4,15,14,1,0.048,0.171,0.252,0.288,0.41,0.301,0.158,0.282
Eric Wagaman,MIA,140,514,476,119,28,3,9,56,53,4,0.062,0.195,0.25,0.296,0.378,0.293,0.128,0.296
Randal Grichuk,- - -,113,293,272,62,18,1,9,35,27,0,0.057999999999999996,0.20800000000000002,0.228,0.273,0.401,0.289,0.173,0.259
Ryan Mountcastle,BAL,89,357,332,83,18,0,7,34,35,3,0.042,0.275,0.25,0.286,0.367,0.284,0.117,0.326
Weston Wilson,PHI,54,125,111,22,4,0,5,15,17,2,0.096,0.272,0.198,0.282,0.369,0.288,0.171,0.236
Max Muncy,ATH,63,220,206,44,7,0,9,17,23,1,0.045,0.309,0.214,0.259,0.379,0.277,0.165,0.269
Matt Mervis,MIA,42,134,120,21,4,0,7,15,14,0,0.08199999999999999,0.373,0.175,0.254,0.383,0.274,0.208,0.219
Dylan Carlson,BAL,83,241,217,44,9,1,6,17,20,3,0.087,0.22399999999999998,0.203,0.278,0.336,0.273,0.134,0.241
Gio Urshela,ATH,59,197,181,43,14,1,0,10,20,0,0.066,0.203,0.238,0.287,0.326,0.271,0.088,0.303
Nolan Jones,CLE,136,403,355,75,14,2,5,34,34,8,0.09699999999999999,0.28,0.211,0.296,0.304,0.27,0.093,0.292
Michael Massey,KCR,77,277,262,64,9,0,3,20,20,2,0.032,0.155,0.244,0.268,0.313,0.254,0.069,0.277
Chris Taylor,- - -,58,125,113,21,7,0,2,15,12,2,0.04,0.336,0.186,0.256,0.301,0.25,0.115,0.271
Jon Berti,CHC,53,107,100,21,2,0,0,12,2,11,0.047,0.20600000000000002,0.21,0.262,0.23,0.226,0.02,0.269
Hunter Feduccia,- - -,38,105,88,13,5,0,0,5,8,1,0.14300000000000002,0.276,0.148,0.267,0.205,0.226,0.057,0.213
Alexander Canario,PIT,87,234,216,47,6,1,6,25,20,3,0.073,0.342,0.218,0.274,0.338,0.27,0.12,0.313
Jonah Heim,TEX,124,433,395,84,14,0,11,38,43,3,0.07400000000000001,0.203,0.213,0.271,0.332,0.266,0.119,0.243
Braxton Fulford,COL,38,120,108,23,5,2,1,11,16,1,0.057999999999999996,0.3,0.213,0.267,0.324,0.258,0.111,0.297
Nick Martini,COL,43,111,102,23,4,0,1,9,4,0,0.081,0.162,0.225,0.288,0.294,0.259,0.069,0.265
Robert Hassell III,WSN,70,206,197,44,9,0,3,22,18,4,0.039,0.301,0.223,0.257,0.315,0.252,0.091,0.311
James Outman,- - -,59,148,134,18,5,1,6,19,11,1,0.081,0.426,0.134,0.216,0.321,0.237,0.187,0.185
Jack Suwinski,PIT,59,178,150,22,7,0,3,15,10,7,0.135,0.32,0.147,0.281,0.253,0.25,0.107,0.211
Lane Thomas,CLE,39,142,125,20,2,0,4,10,11,4,0.099,0.31,0.16,0.246,0.272,0.235,0.112,0.203
Ben Rortvedt,- - -,44,128,112,17,3,0,1,9,10,0,0.086,0.18,0.152,0.24,0.205,0.211,0.054,0.182
Nick Castellanos,PHI,147,589,547,137,27,2,17,72,72,4,0.054000000000000006,0.226,0.25,0.294,0.4,0.3,0.15,0.298
Michael Conforto,LAD,138,486,418,83,20,0,12,54,36,1,0.115,0.249,0.199,0.305,0.333,0.287,0.134,0.247
Christian Encarnacion-Strand,CIN,36,137,130,27,4,0,6,13,19,0,0.022000000000000002,0.23399999999999999,0.208,0.234,0.377,0.261,0.169,0.223
Drew Waters,KCR,71,219,206,50,6,3,1,21,14,5,0.05,0.27399999999999997,0.243,0.288,0.316,0.268,0.073,0.338
David Fry,CLE,66,157,146,25,4,0,8,16,23,1,0.057,0.369,0.171,0.229,0.363,0.258,0.192,0.213
Triston Casas,BOS,29,112,99,18,3,0,3,5,11,0,0.098,0.24100000000000002,0.182,0.277,0.303,0.256,0.121,0.217
Riley Adams,WSN,83,286,263,49,8,0,8,29,24,1,0.063,0.385,0.186,0.252,0.308,0.25,0.122,0.283
Tyler Freeman,COL,110,428,377,106,20,2,2,50,31,18,0.079,0.11900000000000001,0.281,0.354,0.361,0.319,0.08,0.317
Abraham Toro,BOS,77,284,259,62,13,0,7,33,27,2,0.049,0.14800000000000002,0.239,0.289,0.371,0.286,0.131,0.256
Joshua Palacios,CHW,51,145,128,26,4,0,3,11,9,0,0.083,0.248,0.203,0.292,0.305,0.271,0.102,0.258
Mark Canha,KCR,46,125,113,24,3,0,1,9,6,0,0.055999999999999994,0.192,0.212,0.272,0.265,0.244,0.053,0.256
Tyler Locklear,ARI,31,116,103,18,0,0,3,11,6,3,0.086,0.371,0.175,0.267,0.262,0.245,0.087,0.263
Connor Wong,BOS,63,188,168,32,8,0,0,16,7,2,0.085,0.223,0.19,0.262,0.238,0.23,0.048,0.25
Mickey Gasper,MIN,45,110,95,15,1,0,2,15,11,2,0.091,0.182,0.158,0.257,0.232,0.229,0.074,0.176
Kevin Newman,LAA,57,116,114,23,2,0,2,13,11,1,0.009000000000000001,0.198,0.202,0.209,0.272,0.209,0.07,0.236
Jonah Bride,- - -,45,125,112,19,2,0,0,7,5,0,0.08800000000000001,0.312,0.17,0.248,0.188,0.203,0.018,0.257
Edouard Julien,MIN,64,208,182,40,10,0,3,13,12,0,0.106,0.293,0.22,0.309,0.324,0.286,0.104,0.311
Logan O'Hoppe,LAA,119,451,423,90,8,1,19,35,43,2,0.053,0.308,0.213,0.258,0.371,0.273,0.158,0.267
Joc Pederson,TEX,96,306,265,48,10,1,9,28,26,2,0.111,0.212,0.181,0.285,0.328,0.276,0.147,0.203
Yanquiel Fernandez,COL,52,147,138,31,5,0,4,13,11,0,0.054000000000000006,0.299,0.225,0.265,0.348,0.268,0.123,0.297
Martin Maldonado,SDP,64,161,147,30,6,0,4,11,12,0,0.05,0.354,0.204,0.245,0.327,0.251,0.122,0.302
Leody Taveras,- - -,58,180,171,35,6,1,3,13,17,9,0.027999999999999997,0.278,0.205,0.226,0.304,0.23,0.099,0.269
Oswald Peraza,- - -,106,265,244,40,6,0,5,24,20,9,0.064,0.302,0.164,0.223,0.25,0.214,0.086,0.219
Alex Verdugo,ATL,56,213,197,47,10,0,0,21,12,1,0.066,0.146,0.239,0.296,0.289,0.264,0.051,0.283
Anthony Santander,TOR,54,221,194,34,5,0,6,16,18,0,0.113,0.276,0.175,0.271,0.294,0.255,0.119,0.219
Trey Sweeney,DET,118,326,296,58,6,2,6,36,32,3,0.08,0.282,0.196,0.258,0.291,0.245,0.095,0.257
Orlando Arcia,- - -,76,214,203,41,7,1,3,13,13,0,0.047,0.22,0.202,0.238,0.291,0.233,0.089,0.247
Adael Amador,COL,41,128,113,20,7,0,1,5,10,1,0.086,0.21100000000000002,0.177,0.256,0.265,0.238,0.088,0.224
Hunter Renfroe,KCR,35,108,99,18,6,0,0,5,4,0,0.07400000000000001,0.19399999999999998,0.182,0.241,0.242,0.219,0.061,0.228
Vinny Capra,- - -,47,105,96,12,2,0,1,10,6,2,0.028999999999999998,0.23800000000000002,0.125,0.157,0.177,0.15,0.052,0.153
Kyle Farmer,COL,97,300,277,63,14,0,8,24,31,0,0.057,0.22,0.227,0.28,0.365,0.282,0.137,0.268
Keibert Ruiz,WSN,68,267,255,63,12,0,2,19,25,0,0.03,0.09699999999999999,0.247,0.277,0.318,0.262,0.071,0.268
Heston Kjerstad,BAL,54,167,156,30,5,2,4,16,19,1,0.036000000000000004,0.26899999999999996,0.192,0.24,0.327,0.248,0.135,0.241
Jhonkensy Noel,CLE,69,153,148,24,2,0,6,19,13,0,0.026000000000000002,0.34,0.162,0.183,0.297,0.207,0.135,0.198
Jordan Walker,STL,111,396,363,78,13,1,6,40,41,10,0.073,0.318,0.215,0.278,0.306,0.26,0.091,0.31
Josh Rojas,CHW,69,211,189,34,9,0,2,14,11,4,0.09,0.22699999999999998,0.18,0.252,0.259,0.232,0.079,0.227
Jacob Stallings,- - -,43,129,119,16,4,0,0,5,9,0,0.047,0.31,0.134,0.195,0.168,0.171,0.034,0.203
Jac Caglianone,KCR,62,232,210,33,6,1,7,19,18,1,0.078,0.22399999999999998,0.157,0.237,0.295,0.239,0.138,0.172
LaMonte Wade Jr.,- - -,80,242,209,35,8,2,2,19,18,1,0.11199999999999999,0.24,0.167,0.271,0.254,0.241,0.086,0.22
Michael Toglia,COL,88,337,306,58,15,1,11,22,32,3,0.083,0.392,0.19,0.258,0.353,0.265,0.163,0.285
