Name,Team,G,GS,IP,ERA,FIP,K/9,BB/9,WHIP,K%,BB%,HR/9,W,L,SV
Tarik Skubal,DET,31,31,195.1,2.21,2.45,11.1,1.52,0.89,0.322,0.044000000000000004,0.83,13,6,0
Paul Skenes,PIT,32,32,187.2,1.97,2.36,10.36,2.01,0.95,0.295,0.057,0.53,10,10,0
Cristopher Sanchez,PHI,32,32,202.0,2.5,2.55,9.45,1.96,1.06,0.263,0.055,0.53,13,5,0
Garrett Crochet,BOS,32,32,205.1,2.59,2.89,11.18,2.02,1.03,0.313,0.057,1.05,18,5,0
Logan Webb,SFG,34,34,207.0,3.22,2.6,9.74,2.0,1.24,0.262,0.054000000000000006,0.61,15,11,0
Jesus Luzardo,PHI,32,32,183.2,3.92,2.9,10.58,2.79,1.22,0.285,0.075,0.78,15,7,0
Yoshinobu Yamamoto,LAD,30,30,173.2,2.49,2.94,10.42,3.06,0.99,0.294,0.086,0.73,12,8,0
Max Fried,NYY,32,32,195.1,2.86,3.07,8.71,2.35,1.1,0.23600000000000002,0.064,0.65,19,5,0
Hunter Brown,HOU,31,31,185.1,2.43,3.14,10.0,2.77,1.03,0.28300000000000003,0.078,0.83,12,9,0
Kevin Gausman,TOR,32,32,193.0,3.59,3.41,8.81,2.33,1.06,0.244,0.065,0.98,10,11,0
Framber Valdez,HOU,31,31,192.0,3.66,3.37,8.77,3.19,1.24,0.233,0.085,0.7,13,11,0
Ranger Suarez,PHI,26,26,157.1,3.2,3.21,8.64,2.17,1.22,0.23199999999999998,0.057999999999999996,0.8,12,8,0
Zack Wheeler,PHI,24,24,149.2,2.71,3.0,11.73,1.98,0.94,0.33299999999999996,0.055999999999999994,1.14,10,5,0
Andrew Abbott,CIN,29,29,166.1,2.87,3.66,8.06,2.33,1.15,0.218,0.063,1.03,10,7,0
Nick Pivetta,SDP,31,31,181.2,2.87,3.49,9.41,2.48,0.99,0.264,0.069,1.09,13,5,0
Nathan Eovaldi,TEX,22,22,130.0,1.73,2.8,8.93,1.45,0.85,0.26,0.042,0.69,11,3,0
Freddy Peralta,MIL,33,33,176.2,2.7,3.64,10.39,3.36,1.08,0.282,0.091,1.07,17,6,0
Bryan Woo,SEA,30,30,186.2,2.94,3.47,9.55,1.74,0.93,0.271,0.049,1.25,15,7,0
Sonny Gray,STL,32,32,180.2,4.28,3.39,10.01,1.89,1.23,0.267,0.05,1.25,14,8,0
Michael Wacha,KCR,31,31,172.2,3.86,3.66,6.57,2.35,1.22,0.17600000000000002,0.063,0.78,10,13,0
Chris Sale,ATL,21,20,125.2,2.58,2.67,11.82,2.29,1.07,0.324,0.063,0.79,7,5,0
Matthew Boyd,CHC,31,31,179.2,3.21,3.65,7.71,2.1,1.09,0.214,0.057999999999999996,0.95,14,8,0
Jacob deGrom,TEX,30,30,172.2,2.97,3.64,9.64,1.93,0.92,0.27699999999999997,0.055,1.36,12,8,0
Dylan Cease,SDP,32,32,168.0,4.55,3.56,11.52,3.8,1.33,0.298,0.098,1.13,8,12,0
Trevor Rogers,BAL,18,18,109.2,1.81,2.82,8.45,2.38,0.9,0.243,0.069,0.49,9,3,0
Kris Bubic,KCR,20,20,116.1,2.55,2.89,8.97,3.02,1.18,0.244,0.08199999999999999,0.46,8,7,0
Carlos Rodon,NYY,33,33,195.1,3.09,3.78,9.35,3.36,1.05,0.257,0.09300000000000001,1.01,18,9,0
Joe Ryan,MIN,31,30,171.0,3.42,3.74,10.21,2.05,1.04,0.282,0.057,1.37,13,10,0
Merrill Kelly,- - -,32,32,184.0,3.52,3.76,8.17,2.35,1.11,0.223,0.064,1.13,12,9,0
David Peterson,NYM,30,30,168.2,4.22,3.48,8.0,3.47,1.37,0.207,0.09,0.59,9,6,0
Jose Soriano,LAA,31,31,169.0,4.26,3.73,8.09,4.15,1.4,0.21,0.10800000000000001,0.64,10,11,0
Brady Singer,CIN,32,32,169.2,4.03,3.98,8.65,3.18,1.24,0.228,0.084,1.01,14,12,0
Hunter Greene,CIN,19,19,107.2,2.76,3.27,11.03,2.17,0.94,0.314,0.062,1.25,7,4,0
MacKenzie Gore,WSN,30,30,159.2,4.17,3.74,10.43,3.61,1.35,0.272,0.094,1.13,5,15,0
Nick Lodolo,CIN,29,28,156.2,3.33,3.81,8.96,1.78,1.08,0.243,0.048,1.26,9,8,0
Cade Smith,CLE,76,0,73.2,2.93,1.95,12.71,2.32,1.0,0.34700000000000003,0.063,0.49,8,5,16
Luis Castillo,SEA,32,32,180.2,3.54,3.88,8.07,2.29,1.18,0.217,0.062,1.15,11,8,0
Dean Kremer,BAL,31,29,171.2,4.19,3.97,7.44,2.36,1.21,0.201,0.064,1.15,11,10,0
Logan Gilbert,SEA,25,25,131.0,3.44,3.35,11.89,2.13,1.03,0.32299999999999995,0.057999999999999996,1.37,6,6,0
Aroldis Chapman,BOS,67,0,61.1,1.17,1.73,12.47,2.2,0.7,0.373,0.066,0.44,5,3,32
Chad Patrick,MIL,27,23,119.2,3.53,3.53,9.55,3.01,1.28,0.252,0.08,0.98,3,8,0
Clayton Kershaw,LAD,23,22,112.2,3.36,3.55,6.71,2.8,1.22,0.18100000000000002,0.076,0.64,11,2,0
Drew Rasmussen,TBR,31,31,150.0,2.76,3.84,7.62,2.22,1.02,0.217,0.063,1.08,10,5,0
Luis Severino,ATH,29,29,162.2,4.54,4.11,6.86,2.77,1.3,0.17600000000000002,0.071,0.89,8,11,0
Jack Flaherty,DET,31,31,161.0,4.64,3.85,10.51,3.3,1.28,0.276,0.087,1.29,8,15,0
Yusei Kikuchi,LAA,33,33,178.1,3.99,4.23,8.78,3.73,1.42,0.225,0.096,1.21,7,11,0
Janson Junk,MIA,21,16,110.0,4.17,3.14,6.3,1.06,1.14,0.172,0.028999999999999998,0.65,6,4,1
Mitch Keller,PIT,32,32,176.1,4.19,4.02,7.66,2.6,1.26,0.2,0.068,1.07,6,15,0
Kyle Freeland,COL,31,31,162.2,4.98,4.18,6.86,2.1,1.42,0.175,0.054000000000000006,1.22,5,17,0
Casey Mize,DET,28,28,149.0,3.87,3.89,8.4,2.17,1.27,0.222,0.057,1.27,14,6,0
Chris Bassitt,TOR,32,31,170.1,3.96,4.01,8.77,2.75,1.33,0.226,0.071,1.16,11,9,0
George Kirby,SEA,23,23,126.0,4.21,3.37,9.79,2.07,1.19,0.261,0.055,1.07,10,8,0
Spencer Schwellenbach,ATL,17,17,110.2,3.09,3.25,8.78,1.46,0.97,0.249,0.040999999999999995,1.06,7,4,0
Jack Leiter,TEX,29,29,151.2,3.86,4.15,8.78,3.98,1.28,0.22899999999999998,0.10400000000000001,1.07,10,10,0
Adrian Houser,- - -,21,21,125.0,3.31,3.81,6.62,2.74,1.28,0.17800000000000002,0.073,0.72,8,5,0
Adrian Morejon,SDP,75,0,73.2,2.08,2.28,8.55,2.08,0.9,0.245,0.059000000000000004,0.24,13,6,3
Cade Horton,CHC,23,22,118.0,2.67,3.58,7.4,2.52,1.08,0.204,0.069,0.76,11,4,0
Robbie Ray,SFG,32,32,182.1,3.65,3.93,9.18,3.6,1.21,0.24600000000000002,0.09699999999999999,1.09,11,8,0
Garrett Whitlock,BOS,62,0,72.0,2.25,2.18,11.38,3.0,1.08,0.311,0.08199999999999999,0.25,7,3,1
Shane Smith,CHW,29,29,146.1,3.81,4.1,8.92,3.57,1.2,0.235,0.094,1.05,7,8,0
Justin Verlander,SFG,29,29,152.0,3.85,3.85,8.11,3.08,1.36,0.207,0.079,0.95,4,11,0
Bryan Abreu,HOU,70,0,71.0,2.28,2.39,13.31,3.93,1.15,0.355,0.105,0.51,3,4,7
Nick Martinez,CIN,40,26,165.2,4.45,4.33,6.3,2.28,1.21,0.17,0.061,1.2,11,14,0
Will Warren,NYY,33,33,162.1,4.44,4.07,9.48,3.6,1.37,0.24100000000000002,0.091,1.22,9,8,0
Jhoan Duran,- - -,72,0,70.0,2.06,2.35,10.29,2.44,1.1,0.27899999999999997,0.066,0.39,7,6,32
Emmet Sheehan,LAD,15,12,73.1,2.82,2.93,10.92,2.7,0.97,0.306,0.076,0.86,6,3,0
Cole Ragans,KCR,13,13,61.2,4.67,2.5,14.3,2.92,1.18,0.381,0.078,1.02,3,3,0
Ryan Pepiot,TBR,31,31,167.2,3.86,4.36,8.96,3.27,1.16,0.24600000000000002,0.09,1.4,11,12,0
Lucas Giolito,BOS,26,26,145.0,3.41,4.17,7.51,3.48,1.29,0.19699999999999998,0.091,1.06,10,4,0
Shane Baz,TBR,31,31,166.1,4.87,4.37,9.52,3.46,1.33,0.248,0.09,1.41,10,12,0
Edward Cabrera,MIA,26,26,137.2,3.53,3.83,9.81,3.14,1.23,0.258,0.083,1.11,8,7,0
Ryne Nelson,ARI,33,23,154.0,3.39,3.73,7.71,2.4,1.07,0.213,0.066,0.99,7,3,1
Edwin Diaz,NYM,62,0,66.1,1.63,2.28,13.3,2.85,0.87,0.38,0.081,0.54,6,3,28
David Bednar,- - -,64,0,62.2,2.3,2.18,12.35,2.73,1.04,0.34299999999999997,0.076,0.57,6,5,27
Mason Miller,- - -,60,0,61.2,2.63,2.23,15.18,4.09,0.91,0.444,0.12,0.73,1,2,22
Quinn Priester,MIL,29,24,157.1,3.32,4.01,7.55,2.86,1.24,0.20199999999999999,0.077,1.03,13,3,0
Clay Holmes,NYM,33,31,165.2,3.53,4.11,7.01,3.59,1.3,0.182,0.09300000000000001,0.76,12,8,0
Tanner Bibee,CLE,31,31,182.1,4.24,4.34,8.0,2.67,1.23,0.213,0.071,1.33,12,11,0
Brayan Bello,BOS,29,28,166.2,3.35,4.19,6.7,3.19,1.24,0.177,0.084,0.86,11,9,0
Colin Rea,CHC,32,27,159.1,3.95,4.11,7.17,2.49,1.25,0.192,0.066,1.13,11,7,1
Eury Perez,MIA,20,20,95.1,4.25,3.67,9.91,3.02,1.05,0.273,0.083,1.13,7,6,0
Patrick Corbin,TEX,31,30,155.1,4.4,4.25,7.59,2.95,1.36,0.198,0.077,1.22,7,11,0
Tyler Mahle,TEX,16,16,86.2,2.18,3.37,6.85,3.01,1.13,0.191,0.084,0.52,6,4,0
Blake Snell,LAD,11,11,61.1,2.35,2.69,10.57,3.82,1.26,0.28300000000000003,0.102,0.44,5,4,0
Robert Suarez,SDP,70,0,69.2,2.97,2.88,9.69,2.07,0.9,0.27899999999999997,0.059000000000000004,0.78,4,6,40
Andres Munoz,SEA,64,0,62.1,1.73,2.43,11.98,4.04,1.03,0.327,0.11,0.29,3,3,38
Shohei Ohtani,LAD,14,14,47.0,2.87,1.9,11.87,1.72,1.04,0.33,0.048,0.57,1,1,0
Noah Cameron,KCR,24,24,138.1,2.99,4.18,7.42,2.8,1.1,0.205,0.077,1.17,9,7,0
Matthew Liberatore,STL,29,29,151.2,4.21,4.03,7.24,2.37,1.31,0.188,0.062,1.13,8,12,0
Kyle Hendricks,LAA,31,31,164.2,4.76,4.6,6.23,2.35,1.28,0.16399999999999998,0.062,1.37,8,10,0
Brandon Woodruff,MIL,12,12,64.2,3.2,3.17,11.55,1.95,0.91,0.32299999999999995,0.054000000000000006,1.25,7,2,0
Will Vest,DET,64,0,68.2,3.01,2.71,9.83,2.88,1.21,0.264,0.077,0.52,6,5,23
Taj Bradley,- - -,27,27,142.2,5.05,4.35,8.01,3.53,1.31,0.21,0.09300000000000001,1.2,6,8,0
Pablo Lopez,MIN,14,14,75.2,2.74,3.19,8.68,2.38,1.11,0.23399999999999999,0.064,0.71,5,4,0
Brandon Pfaadt,ARI,33,33,176.2,5.25,4.22,7.49,1.88,1.33,0.192,0.048,1.32,13,9,0
Jeffrey Springs,ATH,32,30,171.0,4.11,4.65,7.26,2.84,1.21,0.19399999999999998,0.076,1.47,11,11,0
Sandy Alcantara,MIA,31,31,174.2,5.36,4.28,7.32,2.94,1.27,0.191,0.077,1.13,11,12,0
Logan Allen,CLE,30,29,156.2,4.25,4.37,7.01,3.56,1.4,0.18,0.092,1.03,8,11,0
Stephen Kolek,- - -,19,19,112.2,3.51,3.82,6.15,2.48,1.14,0.16699999999999998,0.067,0.72,5,7,0
Gabe Speier,SEA,76,0,62.0,2.61,2.31,11.9,1.6,0.87,0.337,0.045,0.73,4,3,0
Abner Uribe,MIL,75,0,75.1,1.67,2.75,10.75,3.23,1.04,0.302,0.091,0.48,3,2,7
Jack Dreyer,LAD,67,5,76.1,2.95,2.82,8.72,2.83,1.05,0.24100000000000002,0.078,0.47,3,2,4
Sean Newcomb,- - -,48,5,92.1,2.73,3.04,8.87,3.02,1.35,0.233,0.079,0.49,2,5,2
Grant Taylor,CHW,36,2,36.2,4.91,1.42,13.25,3.68,1.42,0.344,0.096,0.0,2,4,6
Griffin Jax,- - -,73,2,66.0,4.23,2.51,13.5,2.86,1.29,0.35,0.07400000000000001,0.95,1,7,0
Graham Ashcraft,CIN,62,0,65.1,3.99,2.72,8.82,3.44,1.42,0.225,0.08800000000000001,0.28,8,5,0
Trevor Megill,MIL,50,0,47.0,2.49,2.5,11.49,3.26,1.13,0.313,0.08900000000000001,0.57,6,3,30
Carmen Mlodzinski,PIT,34,12,99.0,3.55,3.33,8.09,2.45,1.3,0.212,0.064,0.73,5,8,0
Braxton Ashcraft,PIT,26,8,69.2,2.71,2.78,9.17,3.1,1.25,0.243,0.08199999999999999,0.39,4,4,0
Tyler Glasnow,LAD,18,18,90.1,3.19,3.76,10.56,4.28,1.1,0.29,0.11699999999999999,1.0,4,3,0
Steven Okert,HOU,68,1,71.2,3.01,2.76,10.55,2.39,0.89,0.304,0.069,0.75,3,2,1
Zack Littell,- - -,32,32,186.2,3.81,4.88,6.27,1.54,1.1,0.171,0.042,1.74,10,8,0
Joey Cantillo,CLE,34,13,95.1,3.21,3.55,10.2,3.97,1.26,0.26899999999999996,0.105,0.94,5,3,1
Tylor Megill,NYM,14,14,68.1,3.95,3.43,11.72,4.35,1.36,0.292,0.10800000000000001,0.79,5,5,0
Justin Wrobleski,LAD,24,2,66.2,4.32,2.93,10.26,2.3,1.23,0.271,0.061,0.81,5,5,2
Phil Maton,- - -,63,0,61.1,2.79,2.6,11.89,3.38,1.06,0.327,0.09300000000000001,0.44,4,5,5
Matt Strahm,PHI,66,0,62.1,2.74,2.99,10.11,2.89,1.07,0.273,0.078,0.72,2,3,6
Gavin Williams,CLE,31,31,167.2,3.06,4.39,9.29,4.46,1.27,0.24600000000000002,0.11800000000000001,1.23,12,5,0
Eric Lauer,TOR,28,15,104.2,3.18,3.85,8.77,2.24,1.11,0.239,0.061,1.29,9,2,0
Kodai Senga,NYM,22,22,113.1,3.02,4.12,8.66,4.37,1.31,0.226,0.114,0.95,7,6,0
Zebby Matthews,MIN,16,16,79.1,5.56,3.79,9.98,2.72,1.49,0.249,0.068,1.36,5,6,0
Shawn Armstrong,TEX,71,2,74.0,2.31,3.07,9.0,2.43,0.81,0.261,0.07,0.61,4,3,9
Kyle Leahy,STL,62,1,88.0,3.07,3.04,8.18,2.86,1.23,0.22,0.077,0.51,4,2,1
Reese Olson,DET,13,13,68.2,3.15,3.5,8.52,3.28,1.21,0.228,0.08800000000000001,0.66,4,4,0
Jose A. Ferrer,WSN,72,0,76.1,4.48,3.03,8.37,1.89,1.27,0.21899999999999997,0.049,0.59,4,4,11
Devin Williams,NYY,67,0,62.0,4.79,2.68,13.06,3.63,1.13,0.34700000000000003,0.09699999999999999,0.73,4,6,18
Randy Rodriguez,SFG,50,0,50.2,1.78,2.4,11.9,1.95,0.89,0.33799999999999997,0.055999999999999994,0.71,3,5,4
Cade Povich,BAL,22,20,112.1,5.21,4.18,9.45,3.45,1.5,0.242,0.08800000000000001,1.36,3,8,0
Chase Burns,CIN,13,8,43.1,4.57,2.65,13.92,3.32,1.32,0.35600000000000004,0.085,1.04,0,3,0
Jose Berrios,TOR,31,30,166.0,4.17,4.65,7.48,3.04,1.3,0.198,0.08,1.41,9,5,0
Eduardo Rodriguez,ARI,29,29,154.1,5.02,4.57,8.34,3.5,1.54,0.20600000000000002,0.086,1.46,9,9,0
Ronny Henriquez,MIA,69,0,73.0,2.22,3.15,12.08,3.33,1.1,0.32299999999999995,0.08900000000000001,0.99,7,1,7
Davis Martin,CHW,26,25,142.2,4.1,4.64,6.56,3.03,1.29,0.17300000000000001,0.08,1.26,7,10,0
Ben Casparius,LAD,46,3,77.2,4.64,3.57,8.23,2.43,1.27,0.213,0.063,0.93,7,5,2
Tyler Alexander,- - -,52,5,97.2,4.98,3.64,7.56,2.76,1.4,0.19399999999999998,0.071,0.83,5,14,1
Tyler Rogers,- - -,81,0,77.1,1.98,2.88,5.59,0.81,0.94,0.161,0.023,0.47,4,6,0
Brad Keller,CHC,68,1,69.2,2.07,2.93,9.69,2.84,0.96,0.272,0.08,0.52,4,2,3
Cameron Schlittler,NYY,14,14,73.0,2.96,3.74,10.36,3.82,1.22,0.276,0.102,0.99,4,3,0
Brendon Little,TOR,79,0,68.1,3.03,2.92,11.99,5.93,1.36,0.308,0.153,0.26,4,2,1
Clarke Schmidt,NYY,14,14,78.2,3.32,3.95,8.35,3.43,1.09,0.231,0.095,1.03,4,4,0
Jacob Latz,TEX,33,8,85.2,2.84,3.72,7.98,3.89,1.24,0.218,0.106,0.74,2,0,1
Mike Burrows,PIT,23,19,96.0,3.94,4.0,9.09,2.91,1.24,0.24100000000000002,0.077,1.22,2,4,0
Jimmy Herget,COL,59,0,83.1,2.48,3.32,8.75,2.81,1.18,0.233,0.075,0.65,1,2,0
Jason Adam,SDP,65,0,65.1,1.93,3.07,9.64,3.44,1.15,0.259,0.09300000000000001,0.55,8,4,0
Simeon Woods Richardson,MIN,23,22,111.1,4.04,4.52,8.65,3.72,1.28,0.22699999999999998,0.098,1.37,7,4,0
Jacob Lopez,ATH,21,17,92.2,4.08,4.26,10.97,3.59,1.27,0.28300000000000003,0.09300000000000001,1.46,7,7,0
Michael Lorenzen,KCR,27,26,141.2,4.64,4.59,8.07,2.48,1.33,0.21,0.064,1.59,7,11,0
Hurston Waldrep,ATL,10,9,56.1,2.88,3.21,8.79,3.51,1.19,0.24,0.096,0.48,6,1,0
Bailey Ober,MIN,27,27,146.1,5.1,4.9,7.38,1.91,1.3,0.192,0.05,1.85,6,9,0
Nolan McLean,NYM,8,8,48.0,2.06,2.97,10.69,3.0,1.04,0.303,0.085,0.75,5,1,0
Aaron Ashby,MIL,43,1,66.2,2.16,2.7,10.26,3.24,1.17,0.281,0.08900000000000001,0.41,5,2,3
Reid Detmers,LAA,61,0,63.2,3.96,3.12,11.31,3.53,1.3,0.301,0.094,0.85,5,3,3
Brad Lord,WSN,48,19,130.2,4.34,4.23,7.44,2.96,1.29,0.198,0.079,1.17,5,10,0
Jacob Misiorowski,MIL,15,14,66.0,4.36,3.62,11.86,4.23,1.24,0.319,0.114,1.09,5,3,0
Dennis Santana,PIT,70,0,70.1,2.18,3.21,7.68,2.18,0.87,0.222,0.063,0.64,4,5,16
Louie Varland,- - -,74,1,72.2,2.97,3.14,9.29,2.72,1.2,0.253,0.07400000000000001,0.74,4,3,0
Kyle Finnegan,- - -,56,0,57.0,3.47,3.12,8.68,2.84,1.11,0.24,0.079,0.63,4,4,24
Trevor Williams,WSN,17,17,82.2,6.21,4.13,7.08,2.29,1.54,0.174,0.055999999999999994,1.2,3,10,0
Zac Gallen,ARI,33,33,192.0,4.83,4.5,8.2,3.09,1.26,0.215,0.081,1.45,13,15,0
Jameson Taillon,CHC,23,23,129.2,3.68,4.65,6.8,1.87,1.06,0.18899999999999997,0.052000000000000005,1.67,11,7,0
Landen Roupp,SFG,22,22,106.2,3.8,3.91,8.61,3.8,1.48,0.214,0.095,0.93,7,7,0
Josh Hader,HOU,48,0,52.2,2.05,3.25,12.99,2.73,0.85,0.369,0.078,1.37,6,2,28
Bennett Sousa,HOU,44,0,50.2,2.84,2.72,10.48,2.66,1.03,0.29600000000000004,0.075,0.71,5,1,4
Steven Matz,- - -,53,2,76.2,3.05,3.46,6.93,1.29,1.1,0.191,0.036000000000000004,0.94,5,2,2
Emmanuel Clase,CLE,48,0,47.1,3.23,2.71,8.94,2.28,1.23,0.23399999999999999,0.06,0.38,5,3,24
Joey Wentz,- - -,39,13,98.0,5.6,4.06,8.45,3.95,1.56,0.20800000000000002,0.09699999999999999,1.01,5,7,0
Ben Brown,CHC,25,15,106.1,5.92,4.08,10.24,2.71,1.44,0.256,0.068,1.52,5,8,1
Carlos Estevez,KCR,67,0,66.0,2.45,3.67,7.36,3.0,1.06,0.201,0.08199999999999999,0.68,4,5,42
Ian Seymour,TBR,19,5,57.0,3.63,3.19,10.11,3.0,1.18,0.264,0.079,0.79,4,3,0
Caleb Thielbar,CHC,67,0,58.0,2.64,3.0,8.69,2.02,0.88,0.255,0.059000000000000004,0.78,3,4,1
Michael Soroka,- - -,22,17,89.2,4.52,4.23,9.54,2.91,1.13,0.251,0.077,1.2,3,8,0
Connelly Early,BOS,4,4,19.1,2.33,0.91,13.5,1.86,1.09,0.36700000000000005,0.051,0.0,1,2,0
Tony Santillan,CIN,80,0,73.2,2.44,3.72,9.16,3.54,1.11,0.249,0.096,0.86,1,5,7
Kyle Bradish,BAL,6,6,32.0,2.53,2.45,13.22,2.81,1.03,0.373,0.079,0.84,1,1,0
Matt Svanson,STL,39,0,60.1,1.94,2.72,10.14,2.98,0.88,0.29100000000000004,0.085,0.45,4,0,0
Pete Fairbanks,TBR,61,0,60.1,2.83,3.63,8.8,2.69,1.04,0.242,0.07400000000000001,1.04,4,5,27
Alex Vesia,LAD,68,0,59.2,3.02,3.77,12.07,3.32,0.99,0.33799999999999997,0.09300000000000001,1.36,4,2,5
Raisel Iglesias,ATL,70,0,67.1,3.21,3.31,9.76,2.14,1.0,0.27399999999999997,0.06,1.07,4,6,29
Justin Wilson,BOS,61,0,48.1,3.35,2.95,10.61,3.72,1.41,0.275,0.09699999999999999,0.56,4,1,0
Jeremiah Estrada,SDP,77,0,73.0,3.45,3.55,13.32,3.33,1.16,0.355,0.08900000000000001,1.48,4,5,3
Hunter Dobbins,BOS,13,11,61.0,4.13,3.87,6.64,2.51,1.28,0.17600000000000002,0.066,0.89,4,1,0
Parker Messick,CLE,7,7,39.2,2.72,2.98,8.62,1.36,1.31,0.23,0.036000000000000004,0.91,3,1,0
Hoby Milner,TEX,73,0,70.1,3.84,3.39,7.42,2.69,1.27,0.198,0.07200000000000001,0.64,3,4,0
Emilio Pagan,CIN,70,0,68.2,2.88,3.72,10.62,2.88,0.92,0.3,0.081,1.31,2,4,32
Ryan Bergert,- - -,19,15,76.1,3.66,4.0,8.61,4.13,1.26,0.226,0.10800000000000001,0.94,2,2,0
Daniel Palencia,CHC,54,0,52.2,2.91,3.08,10.42,2.73,1.14,0.284,0.07400000000000001,0.85,1,6,22
Edwin Uceta,TBR,70,0,76.0,3.79,3.69,12.2,3.2,1.17,0.321,0.084,1.3,10,3,1
Shota Imanaga,CHC,25,25,144.2,3.73,4.86,7.28,1.62,0.99,0.20600000000000002,0.046,1.93,9,8,0
Mitchell Parker,WSN,33,30,164.2,5.68,4.99,5.63,3.17,1.43,0.142,0.08,1.37,9,16,1
Lucas Erceg,KCR,61,0,61.1,2.64,3.49,7.04,2.64,1.17,0.193,0.07200000000000001,0.59,8,4,2
Michael McGreevy,STL,17,16,95.2,4.42,4.27,5.46,1.88,1.25,0.145,0.05,1.13,8,4,0
Bryce Elder,ATL,28,28,156.1,5.3,4.55,7.54,2.94,1.39,0.193,0.075,1.38,8,11,0
Griffin Canning,NYM,16,16,76.1,3.77,4.04,8.25,4.13,1.38,0.213,0.107,0.94,7,3,0
Spencer Strider,ATL,23,23,125.1,4.45,4.53,9.41,3.66,1.4,0.243,0.095,1.44,7,14,0
Jared Koenig,MIL,72,0,66.0,2.86,3.35,9.27,2.73,1.17,0.254,0.075,0.82,6,1,2
Tyler Kinley,- - -,73,0,72.2,3.96,3.69,9.04,4.09,1.18,0.237,0.107,0.74,6,3,3
Aaron Nola,PHI,17,17,94.1,6.01,4.58,9.25,2.67,1.35,0.24,0.069,1.72,5,10,0
JoJo Romero,STL,65,0,61.0,2.07,3.28,8.11,4.28,1.25,0.21600000000000003,0.114,0.3,4,6,8
Seranthony Dominguez,- - -,67,0,62.2,3.16,3.47,11.35,5.17,1.28,0.303,0.138,0.72,4,4,2
Grant Holmes,ATL,22,21,115.0,3.99,4.4,9.63,4.23,1.34,0.25,0.11,1.25,4,9,0
Bubba Chandler,PIT,7,4,31.1,4.02,2.66,8.9,1.15,0.93,0.25,0.032,0.57,4,1,1
Luis L. Ortiz,CLE,16,16,88.2,4.36,4.18,9.74,4.26,1.38,0.251,0.11,1.22,4,9,0
Aaron Civale,- - -,23,18,102.0,4.85,4.63,7.76,2.91,1.26,0.20199999999999999,0.076,1.41,4,9,1
Cristian Javier,HOU,8,8,37.0,4.62,3.65,8.27,3.65,1.27,0.217,0.096,0.73,2,4,0
Justin Topa,MIN,54,1,60.0,3.9,3.04,7.35,2.7,1.43,0.183,0.067,0.3,1,5,4
Jose Quintana,MIL,24,24,131.2,3.96,4.81,6.08,3.42,1.29,0.16,0.09,1.23,11,7,0
Braydon Fisher,TOR,52,1,50.0,2.7,3.02,11.16,3.42,1.02,0.307,0.094,0.72,7,0,0
Dustin May,- - -,25,23,132.1,4.96,4.88,8.37,3.81,1.42,0.21100000000000002,0.096,1.43,7,11,0
Ryan Gusto,- - -,27,17,101.2,5.67,4.61,8.59,3.19,1.48,0.214,0.079,1.5,7,7,0
Tanner Banks,PHI,69,1,67.1,3.07,3.64,8.15,1.6,1.01,0.228,0.045,1.2,6,2,1
Randy Vasquez,SDP,28,26,133.2,3.84,4.85,5.25,3.5,1.32,0.13699999999999998,0.091,1.08,6,7,0
Michael King,SDP,15,15,73.1,3.44,4.42,9.33,3.19,1.2,0.247,0.084,1.47,5,3,0
Caleb Ferguson,- - -,70,0,65.1,3.58,3.26,7.03,3.03,1.16,0.18899999999999997,0.081,0.28,5,4,0
Matt Festa,CLE,63,0,54.2,4.12,3.14,9.22,2.47,1.08,0.248,0.066,0.66,5,4,0
Andrew Kittredge,- - -,54,0,53.0,3.4,3.06,10.87,1.87,0.98,0.308,0.053,1.19,4,3,5
Cole Sands,MIN,69,3,72.0,4.5,3.58,8.0,2.38,1.17,0.214,0.064,0.88,4,6,3
J.T. Ginn,ATH,23,16,90.1,5.08,4.62,9.86,3.09,1.36,0.253,0.079,1.69,4,7,0
Logan Henderson,MIL,5,5,25.1,1.78,3.02,11.72,2.84,0.99,0.33299999999999996,0.081,1.07,3,0,0
Brooks Raley,NYM,30,0,25.2,2.45,2.12,8.77,2.1,0.78,0.253,0.061,0.0,3,1,0
Fernando Cruz,NYY,49,0,48.0,3.56,3.18,13.5,4.5,1.19,0.36,0.12,0.94,3,4,2
Reed Garrett,NYM,58,1,55.1,3.9,3.46,10.41,4.23,1.32,0.26899999999999996,0.109,0.81,3,6,3
Tommy Nance,TOR,30,0,31.2,1.99,1.87,9.09,1.99,1.01,0.254,0.055999999999999994,0.0,2,0,0
Hunter Gaddis,CLE,73,0,66.2,3.11,3.5,9.86,2.84,1.19,0.266,0.077,1.08,2,2,3
Matt Brash,SEA,53,0,47.1,2.47,3.05,11.03,3.42,1.25,0.29100000000000004,0.09,0.76,1,3,4
Brandon Walter,HOU,9,9,53.2,3.35,4.01,8.72,0.67,0.93,0.245,0.019,1.68,1,3,0
Martin Perez,CHW,11,10,56.0,3.54,4.24,7.07,3.54,1.11,0.193,0.096,0.96,1,6,0
Orion Kerkering,PHI,69,0,60.0,3.3,3.82,9.75,4.05,1.37,0.244,0.102,0.9,8,4,4
Slade Cecconi,CLE,23,23,132.0,4.3,4.64,7.43,2.18,1.19,0.2,0.059000000000000004,1.64,7,7,0
Greg Weissert,BOS,72,0,67.0,2.82,3.67,7.66,2.82,1.16,0.205,0.076,0.81,6,6,4
Andre Pallante,STL,31,31,162.2,5.31,4.68,6.14,3.43,1.44,0.155,0.087,1.16,6,15,0
Bryan King,HOU,68,0,68.0,2.78,3.68,9.13,1.46,1.04,0.251,0.04,1.32,5,4,2
Chris Paddack,- - -,33,28,158.0,5.35,5.03,6.38,2.11,1.28,0.16699999999999998,0.055,1.77,5,12,1
Sean Burke,CHW,28,22,134.1,4.22,4.92,8.91,4.22,1.44,0.223,0.106,1.54,4,11,0
Corbin Burnes,ARI,11,11,64.1,2.66,3.94,8.81,3.64,1.17,0.23800000000000002,0.098,0.98,3,2,0
Drew Pomeranz,CHC,57,4,49.2,2.17,3.36,10.33,2.72,1.07,0.281,0.07400000000000001,0.91,2,2,1
Danny Coulombe,- - -,55,1,43.0,2.3,3.3,9.0,3.77,1.16,0.244,0.102,0.63,2,1,2
Garrett Cleavinger,TBR,67,0,61.1,2.35,3.59,12.03,2.64,0.95,0.337,0.07400000000000001,1.32,2,6,2
Brock Stewart,- - -,43,0,37.2,2.63,3.19,10.51,3.11,1.19,0.27699999999999997,0.08199999999999999,0.72,2,2,0
Kolby Allard,CLE,33,2,65.0,2.63,3.54,5.82,1.94,1.2,0.158,0.053,0.69,2,2,0
Luis Garcia,- - -,58,0,55.1,3.42,3.28,7.81,4.23,1.46,0.20600000000000002,0.11199999999999999,0.33,2,2,2
Juan Mejia,COL,55,0,61.1,3.96,3.71,9.98,3.67,1.26,0.261,0.096,0.88,2,2,1
Manuel Rodriguez,TBR,31,0,30.1,2.08,3.04,7.42,1.78,1.05,0.207,0.05,0.59,1,2,0
Gregory Soto,- - -,70,0,60.1,4.18,3.42,10.44,3.58,1.43,0.251,0.086,0.6,1,5,1
Mark Leiter Jr.,NYY,59,0,48.1,4.84,3.55,10.06,3.17,1.53,0.247,0.078,0.93,6,7,2
Tanner Gordon,COL,15,15,75.1,6.33,5.05,7.41,2.03,1.5,0.184,0.05,1.91,6,8,0
Kenley Jansen,LAA,62,0,59.0,2.59,3.98,8.69,2.9,0.95,0.244,0.081,1.22,5,4,29
Ryan Walker,SFG,68,0,61.1,4.11,3.3,8.8,2.64,1.27,0.226,0.068,0.59,5,7,17
Brant Hurter,DET,43,4,63.0,2.43,3.61,9.71,3.86,1.33,0.245,0.09699999999999999,0.57,4,3,2
Shelby Miller,- - -,48,0,46.0,2.74,3.44,10.57,2.93,1.04,0.29,0.081,0.98,4,3,10
Jakob Junis,CLE,57,0,66.2,2.97,3.45,7.43,2.43,1.23,0.201,0.066,0.68,4,1,0
Brennan Bernardino,BOS,55,3,51.2,3.14,3.41,7.49,4.53,1.26,0.192,0.11599999999999999,0.17,4,3,1
Luis Gil,NYY,11,11,57.0,3.32,4.63,6.47,5.21,1.4,0.168,0.135,0.79,4,1,0
Camilo Doval,- - -,69,0,65.1,3.58,3.47,9.92,4.82,1.32,0.259,0.126,0.55,4,3,16
Isaac Mattson,PIT,44,0,47.2,2.45,3.66,8.5,3.59,1.13,0.22699999999999998,0.096,0.76,3,3,0
Brenan Hanifee,DET,54,0,60.0,3.0,3.25,6.0,2.1,1.32,0.154,0.054000000000000006,0.45,3,3,0
AJ Smith-Shawver,ATL,9,9,44.1,3.86,3.9,8.53,4.26,1.42,0.21899999999999997,0.109,0.81,3,2,0
Ronel Blanco,HOU,9,9,48.1,4.1,4.27,8.94,3.72,1.18,0.24100000000000002,0.10099999999999999,1.3,3,4,0
Chris Martin,TEX,49,0,42.1,2.98,3.58,9.14,1.7,1.2,0.247,0.046,1.28,2,6,2
Hogan Harris,ATH,48,0,64.2,3.2,3.71,9.05,4.59,1.35,0.235,0.11900000000000001,0.7,2,1,4
Andrew Alvarez,WSN,5,5,23.1,2.31,3.39,7.71,3.86,1.11,0.204,0.102,0.39,1,1,0
Felix Bautista,BAL,35,0,34.2,2.6,3.37,12.98,5.97,1.13,0.35200000000000004,0.162,0.78,1,1,19
Mason Englert,TBR,29,0,44.2,3.83,3.14,8.87,2.22,1.21,0.23800000000000002,0.059000000000000004,0.81,0,1,0
Brandon Sproat,NYM,4,4,20.2,4.79,2.8,7.4,3.05,1.21,0.20199999999999999,0.083,0.0,0,2,0
JP Sears,- - -,27,27,135.2,5.04,5.21,7.76,2.39,1.32,0.201,0.062,1.99,9,11,0
Seth Lugo,KCR,26,26,145.1,4.15,5.09,7.74,3.41,1.29,0.205,0.09,1.67,8,7,0
Bailey Falter,- - -,26,24,125.1,4.45,4.94,5.82,3.3,1.28,0.156,0.08900000000000001,1.36,7,7,0
Wandy Peralta,SDP,71,1,71.2,3.14,3.62,7.91,3.77,1.34,0.201,0.096,0.63,6,1,0
Eduard Bazardo,SEA,73,0,78.2,2.52,3.64,9.38,3.09,1.02,0.262,0.086,1.03,5,0,0
Nick Mears,MIL,63,0,56.2,3.49,3.86,7.31,2.06,0.97,0.20800000000000002,0.059000000000000004,1.11,5,3,1
Jose Butto,- - -,55,0,67.0,3.9,3.7,7.79,4.3,1.4,0.204,0.113,0.54,5,3,1
Jordan Leasure,CHW,68,1,64.1,3.92,4.49,11.33,4.2,1.23,0.301,0.11199999999999999,1.68,5,6,7
Taijuan Walker,PHI,34,21,123.2,4.08,5.07,6.26,3.06,1.41,0.16,0.078,1.53,5,8,1
Robert Garcia,TEX,71,0,64.0,2.95,3.71,9.56,3.09,1.25,0.253,0.08199999999999999,1.13,4,8,9
Victor Vodnik,COL,52,0,50.2,3.02,3.77,8.7,4.62,1.4,0.228,0.121,0.71,4,3,10
Luis Morales,ATH,10,9,48.2,3.14,4.68,7.95,3.33,1.15,0.21600000000000003,0.09,1.48,4,3,0
Luke Weaver,NYY,64,0,64.2,3.62,3.89,10.02,2.78,1.02,0.275,0.076,1.39,4,4,8
Bryan Baker,- - -,73,0,68.2,4.06,3.92,10.88,2.23,1.11,0.303,0.062,1.7,4,4,3
Jake Bird,- - -,48,0,55.1,5.53,3.91,10.73,4.07,1.54,0.266,0.10099999999999999,1.14,4,2,0
Dietrich Enns,- - -,24,3,46.1,4.08,3.67,9.52,2.91,1.4,0.245,0.075,1.17,3,3,2
Cade Cavalli,WSN,10,10,48.2,4.25,4.53,7.4,2.77,1.48,0.183,0.068,1.29,3,1,0
Max Meyer,MIA,12,12,64.2,4.73,4.47,9.46,2.78,1.42,0.239,0.07,1.67,3,5,0
Gordon Graceffo,STL,26,0,43.0,6.28,2.93,8.37,2.72,1.47,0.207,0.067,0.42,3,1,1
Andrew Saalfrank,ARI,28,0,29.0,1.24,3.31,5.9,3.1,1.0,0.168,0.08800000000000001,0.31,2,1,3
Hunter Harvey,KCR,12,0,10.2,0.0,1.35,9.28,0.84,0.66,0.282,0.026000000000000002,0.0,1,0,0
Justin Lawrence,PIT,17,0,17.2,0.51,2.23,11.72,4.08,0.96,0.33299999999999996,0.11599999999999999,0.0,1,0,0
Kyle Harrison,- - -,11,6,35.2,4.04,3.72,9.59,3.53,1.37,0.244,0.09,1.01,1,1,0
Joe Boyle,TBR,13,9,52.0,4.67,4.19,10.04,4.85,1.37,0.257,0.124,1.04,1,4,0
Matt Gage,- - -,33,2,31.0,3.19,2.75,7.84,3.48,1.52,0.19699999999999998,0.08800000000000001,0.0,0,1,0
Enyel De Los Santos,- - -,65,0,66.0,4.36,3.82,8.45,3.27,1.29,0.221,0.086,0.95,6,3,0
Mike Vasil,CHW,47,3,101.0,2.5,4.32,7.31,4.63,1.25,0.19399999999999998,0.12300000000000001,0.71,5,3,4
Huascar Brazoban,NYM,52,3,63.0,3.57,4.04,8.14,3.86,1.24,0.218,0.10300000000000001,0.86,5,2,2
Max Scherzer,TOR,17,17,85.0,5.19,4.99,8.68,2.44,1.29,0.22899999999999998,0.064,2.01,5,5,0
Yu Darvish,SDP,15,15,72.0,5.38,4.82,8.5,2.38,1.18,0.23,0.064,1.75,5,5,0
Kody Funderburk,MIN,39,0,41.0,3.51,3.35,8.78,3.95,1.51,0.21899999999999997,0.098,0.44,4,1,1
Tyler Gilbert,CHW,46,5,51.0,3.88,4.02,8.65,4.24,1.25,0.228,0.11199999999999999,0.88,4,2,1
Spencer Bivens,SFG,54,0,81.0,4.0,3.7,6.78,2.78,1.33,0.17800000000000002,0.073,0.67,4,3,3
Jonathan Cannon,CHW,22,17,103.2,5.82,5.13,7.47,3.3,1.49,0.185,0.08199999999999999,1.65,4,10,0
Cal Quantrill,- - -,26,26,117.2,6.04,5.14,6.5,2.68,1.45,0.166,0.068,1.68,4,12,0
Anthony Bender,MIA,51,0,50.0,2.16,3.62,7.56,3.78,1.06,0.20600000000000002,0.10300000000000001,0.54,3,5,4
Aaron Bummer,ATL,42,2,54.1,3.81,3.52,8.45,2.82,1.25,0.217,0.07200000000000001,0.5,3,2,0
Jackson Perkins,ATH,12,4,38.2,4.19,4.12,8.61,4.19,1.16,0.23,0.11199999999999999,0.93,3,2,3
Cole Sulser,TBR,18,0,22.2,1.99,2.69,8.74,2.78,1.19,0.244,0.078,0.4,2,1,0
Ben Lively,CLE,9,9,44.2,3.22,4.59,5.84,3.02,1.19,0.163,0.084,1.21,2,2,0
Grant Anderson,MIL,66,0,69.2,3.23,3.84,9.56,3.75,1.26,0.247,0.09699999999999999,1.03,2,6,0
Steven Wilson,CHW,59,0,55.1,3.42,4.29,8.3,3.58,1.3,0.212,0.091,1.14,2,2,2
Justin Slaten,BOS,36,0,34.0,4.24,3.69,6.62,2.65,1.09,0.182,0.073,0.79,2,4,3
Sean Manaea,NYM,15,12,60.2,5.64,4.39,11.13,1.78,1.22,0.285,0.046,1.93,2,4,0
Trevor McDonald,SFG,3,2,15.0,1.8,2.54,8.4,1.2,1.0,0.233,0.033,0.6,1,0,0
Andrew Chafin,- - -,42,0,33.2,2.41,3.46,9.62,5.08,1.43,0.252,0.133,0.53,1,1,0
Trey Yesavage,TOR,3,3,14.0,3.21,2.35,10.29,4.5,1.43,0.258,0.113,0.0,1,0,0
DL Hall,MIL,20,3,38.2,3.49,3.73,6.28,3.96,1.06,0.174,0.11,0.47,1,0,0
Tobias Myers,MIL,22,6,50.2,3.55,3.92,6.75,2.66,1.36,0.17300000000000001,0.068,0.89,1,2,0
Zack Kelly,BOS,28,0,35.1,4.58,3.53,8.92,3.06,1.33,0.23,0.079,0.76,1,3,0
JT Brubaker,- - -,17,1,28.2,3.77,2.96,6.91,3.77,1.22,0.188,0.10300000000000001,0.0,0,0,0
Taylor Rashi,ARI,10,0,16.1,4.41,1.91,12.12,4.41,1.47,0.306,0.111,0.0,0,1,2
Ryan Feltner,COL,6,6,30.1,4.75,4.39,7.42,3.56,1.48,0.185,0.08900000000000001,1.19,0,2,0
Charlie Morton,- - -,33,27,142.0,5.83,4.96,9.44,4.56,1.58,0.228,0.11,1.46,9,11,0
Miles Mikolas,STL,31,31,156.1,4.84,5.03,5.76,2.13,1.32,0.149,0.055,1.67,8,11,0
Brock Burke,LAA,69,1,61.2,3.36,4.16,7.59,2.63,1.23,0.20199999999999999,0.07,1.17,7,1,0
Jorge Lopez,WSN,26,0,24.2,6.57,3.5,6.2,2.55,1.3,0.16,0.066,0.36,6,0,1
Angel Zerpa,KCR,69,2,64.2,4.18,3.86,8.07,3.06,1.38,0.21100000000000002,0.08,0.97,5,2,0
Cade Gibson,MIA,44,1,54.2,2.63,3.76,7.08,3.46,1.19,0.187,0.091,0.49,4,5,0
Justin Sterner,ATH,59,1,65.0,3.18,4.27,9.69,2.91,1.05,0.263,0.079,1.38,4,3,0
Shane Bieber,TOR,7,7,40.1,3.57,4.47,8.26,1.56,1.02,0.233,0.044000000000000004,1.79,4,2,0
Javier Assad,CHC,8,7,37.0,3.65,4.24,5.59,2.92,1.22,0.15,0.078,0.73,4,1,0
Jose Alvarado,PHI,28,0,26.0,3.81,3.6,11.08,2.42,1.31,0.281,0.061,1.38,4,2,7
Tyler Ferguson,ATH,56,0,58.0,4.66,4.14,8.38,5.28,1.33,0.22,0.138,0.62,4,2,2
Kumar Rocker,TEX,14,14,64.1,5.74,4.88,7.83,3.22,1.46,0.195,0.08,1.54,4,5,0
Riley O'Brien,STL,42,0,48.0,2.06,3.61,8.44,4.13,1.15,0.226,0.111,0.38,3,1,6
Pierce Johnson,ATL,65,0,59.0,3.05,3.91,9.0,2.9,1.2,0.248,0.08,1.22,3,3,1
Max Kranick,NYM,24,0,37.0,3.65,3.95,6.08,1.22,1.05,0.16899999999999998,0.034,1.22,3,2,0
John Schreiber,KCR,74,0,64.0,3.8,4.17,8.72,2.67,1.19,0.23399999999999999,0.07200000000000001,1.41,3,3,1
David Festa,MIN,11,10,53.1,5.4,4.88,8.94,3.21,1.28,0.231,0.083,1.69,3,4,0
German Marquez,COL,26,26,126.1,6.7,5.47,5.91,3.42,1.71,0.14,0.081,1.64,3,16,0
Albert Suarez,BAL,5,1,11.2,2.31,2.19,7.71,1.54,0.94,0.22699999999999998,0.045,0.0,2,0,0
Edgardo Henriquez,LAD,22,0,19.0,2.37,3.4,8.53,2.37,1.16,0.231,0.064,0.95,2,1,1
Tyler Wells,BAL,4,4,21.2,2.91,4.15,7.48,0.83,0.88,0.22,0.024,1.66,2,1,0
Dylan Lee,ATL,74,0,68.1,3.29,4.0,10.01,1.84,0.98,0.28600000000000003,0.053,1.71,2,4,2
Kai-Wei Teng,SFG,8,7,29.2,6.37,3.81,11.83,5.16,1.55,0.281,0.122,0.61,2,4,0
Jordan Hicks,- - -,34,9,67.1,6.95,4.35,7.75,4.28,1.66,0.185,0.102,0.8,2,7,2
Will Klein,LAD,14,0,15.1,2.35,2.74,12.33,5.87,1.57,0.3,0.14300000000000002,0.0,1,1,0
Wikelman Gonzalez,CHW,16,0,20.1,2.66,3.09,11.07,5.31,1.23,0.287,0.138,0.44,1,0,0
David Morgan,SDP,41,2,47.1,2.66,3.71,9.51,4.37,1.23,0.259,0.11900000000000001,0.76,1,2,0
Eric Orze,TBR,33,0,41.2,3.02,4.05,8.64,4.1,1.37,0.225,0.107,0.86,1,1,3
Taylor Clarke,KCR,51,0,55.1,3.25,3.97,7.16,1.46,0.85,0.214,0.044000000000000004,1.3,1,1,1
Jaden Hill,COL,28,0,29.1,3.38,3.44,9.51,3.68,1.33,0.24,0.09300000000000001,0.61,1,1,0
Mason Montgomery,TBR,57,0,46.0,5.67,3.92,12.33,5.28,1.65,0.301,0.129,1.17,1,3,1
Jayden Murray,HOU,9,1,11.2,1.54,2.54,6.17,2.31,1.11,0.17,0.064,0.0,0,0,0
A.J. Minter,NYM,13,0,11.0,1.64,1.95,11.45,4.09,1.0,0.318,0.114,0.0,0,0,0
Erik Sabrowski,CLE,33,0,29.1,1.84,3.61,12.89,6.44,1.19,0.34700000000000003,0.174,0.61,0,1,0
Rico Garcia,- - -,29,1,34.1,3.15,3.69,9.96,2.62,1.19,0.268,0.07,1.31,0,2,0
Yerry De Los Santos,NYY,25,0,35.2,3.28,3.44,7.07,4.29,1.51,0.175,0.106,0.25,0,1,0
Juan Morillo,ARI,42,0,34.1,4.19,3.63,9.44,5.24,1.69,0.237,0.132,0.52,0,3,1
Ryan Brasier,CHC,28,1,26.0,4.5,3.17,6.92,1.73,1.23,0.19,0.048,0.69,0,1,0
Connor Phillips,CIN,21,0,25.0,2.88,3.82,11.52,4.32,0.92,0.327,0.122,1.08,5,0,0
Jacob Webb,TEX,55,0,66.0,3.0,4.3,7.91,2.59,1.03,0.217,0.071,1.36,5,4,1
Jalen Beeks,ARI,61,2,57.1,3.77,4.01,7.38,3.14,1.08,0.203,0.087,0.94,5,3,1
Mason Fluharty,TOR,55,0,52.2,4.44,3.97,9.57,4.1,1.14,0.26,0.11199999999999999,1.03,5,2,1
Jason Alexander,- - -,18,13,77.1,4.77,5.1,7.56,3.03,1.37,0.193,0.077,1.75,4,2,1
Taylor Rogers,- - -,57,0,50.2,3.38,4.38,9.41,4.09,1.38,0.24,0.10400000000000001,1.24,3,2,0
Steven Cruz,KCR,47,0,45.2,3.74,4.14,7.49,3.55,1.18,0.201,0.095,0.99,3,1,0
Ryan Thompson,ARI,48,0,41.1,3.92,3.74,7.84,2.83,1.33,0.20600000000000002,0.07400000000000001,0.87,3,2,1
Ryan Helsley,- - -,58,0,56.0,4.5,4.14,10.13,4.02,1.54,0.25,0.099,1.29,3,4,21
Yohan Ramirez,PIT,24,0,33.1,5.4,3.8,12.15,4.32,1.47,0.29,0.10300000000000001,1.08,3,3,0
Grant Wolfram,BAL,21,0,26.2,5.4,3.59,10.46,5.06,1.88,0.233,0.113,0.68,3,1,0
Jose Suarez,ATL,7,1,19.1,1.86,3.7,7.45,4.66,1.29,0.198,0.12300000000000001,0.47,2,0,1
Nic Enright,CLE,27,0,31.0,2.03,3.81,8.71,3.48,1.16,0.23600000000000002,0.094,0.87,2,1,1
Johan Oviedo,PIT,9,9,40.1,3.57,4.92,9.37,5.13,1.21,0.247,0.135,1.34,2,1,0
PJ Poulin,WSN,28,0,24.2,3.65,3.82,9.85,4.74,1.46,0.245,0.11800000000000001,0.73,2,1,1
Ryan Weathers,MIA,8,8,38.1,3.99,4.6,8.69,2.82,1.28,0.223,0.07200000000000001,1.64,2,2,0
Jesus Tinoco,MIA,20,0,19.1,5.12,4.01,4.66,3.72,1.29,0.125,0.1,0.47,2,1,4
Collin Snider,SEA,24,0,26.1,5.47,3.7,8.2,2.05,1.44,0.20199999999999999,0.05,1.03,2,1,0
Sam Bachman,LAA,23,0,20.1,6.2,3.63,7.97,4.43,1.57,0.191,0.106,0.44,2,3,0
Jonah Tong,NYM,5,5,18.2,7.71,4.31,10.61,4.34,1.77,0.253,0.10300000000000001,1.45,2,3,0
Luinder Avila,KCR,13,0,14.0,1.29,2.14,10.29,3.86,0.93,0.28600000000000003,0.107,0.0,1,1,0
Evan Sisk,- - -,19,0,17.2,3.57,3.08,12.74,5.09,1.47,0.313,0.125,0.51,1,1,0
Dylan Dodd,ATL,28,0,35.0,3.6,3.79,7.71,1.29,0.94,0.221,0.037000000000000005,1.29,1,0,0
Jonathan Bowlan,KCR,34,1,44.1,3.86,3.97,9.34,3.45,1.22,0.256,0.094,1.22,1,2,0
Hayden Wesneski,HOU,6,6,32.0,4.5,4.82,8.16,1.69,1.09,0.221,0.046,1.97,1,3,0
Kyle Nicolas,PIT,31,0,38.0,4.74,3.95,8.05,4.26,1.37,0.204,0.10800000000000001,0.71,1,2,0
Mason Barnett,ATH,5,5,22.1,6.85,4.88,7.25,4.43,1.66,0.17300000000000001,0.106,1.21,1,1,0
Kevin Ginkel,ARI,29,0,25.2,7.36,3.64,10.17,4.56,1.64,0.24,0.107,0.7,1,4,3
Ron Marinaccio,SDP,7,0,10.2,0.84,2.01,10.13,3.38,0.94,0.28600000000000003,0.095,0.0,0,0,0
Cole Winn,TEX,33,0,41.2,1.51,3.9,7.56,3.67,0.96,0.21600000000000003,0.105,0.65,0,1,0
Kade Strowd,BAL,25,0,26.1,1.71,3.4,8.2,4.44,1.1,0.22899999999999998,0.124,0.34,0,1,0
Josh Winckowski,BOS,6,0,11.2,3.86,3.14,6.94,3.86,1.37,0.17300000000000001,0.096,0.0,0,1,0
Clayton Beeter,- - -,26,0,25.1,4.26,4.2,11.72,6.39,1.22,0.317,0.17300000000000001,1.07,0,3,1
Justin Hagenman,NYM,9,1,23.2,4.56,3.77,8.75,0.76,1.1,0.23199999999999998,0.02,1.52,0,1,1
Brandyn Garcia,- - -,14,0,14.1,5.65,3.07,8.79,5.02,1.81,0.212,0.121,0.0,0,2,0
Caleb Boushley,TEX,25,1,43.1,6.02,3.85,8.52,2.91,1.57,0.212,0.073,1.04,0,0,1
Paul Blackburn,- - -,15,4,39.0,6.23,4.39,7.85,2.77,1.51,0.19399999999999998,0.069,1.38,0,3,1
Sammy Peralta,LAA,5,0,10.2,7.59,3.32,6.75,5.06,1.88,0.154,0.115,0.0,0,1,0
Jared Shuster,CHW,12,2,15.2,8.04,2.94,6.89,2.87,2.04,0.146,0.061,0.0,0,0,0
Tomoyuki Sugano,BAL,30,30,157.0,4.64,5.36,6.08,2.06,1.33,0.157,0.053,1.89,10,10,0
Lake Bachar,MIA,53,1,71.0,3.93,4.25,9.51,3.8,1.2,0.253,0.10099999999999999,1.27,8,2,3
Scott Barlow,CIN,75,1,68.1,4.21,4.7,9.88,5.93,1.39,0.248,0.149,1.05,6,3,1
Anthony Banda,LAD,71,1,65.0,3.18,4.52,8.45,4.71,1.22,0.228,0.127,1.11,5,1,0
Keider Montero,DET,20,12,90.2,4.37,4.93,7.15,3.08,1.39,0.185,0.08,1.59,5,3,0
Erik Miller,SFG,36,0,30.0,1.5,3.97,6.6,6.0,1.47,0.172,0.156,0.0,4,1,0
Jackson Jobe,DET,10,10,49.0,4.22,5.18,7.16,4.96,1.49,0.179,0.124,1.29,4,1,0
Ryne Stanek,NYM,65,0,56.0,5.3,4.4,9.32,5.14,1.57,0.22699999999999998,0.125,1.13,4,6,3
A.J. Blubaugh,HOU,11,3,32.0,1.69,4.42,9.84,3.09,0.88,0.282,0.08900000000000001,1.69,3,1,0
Troy Melton,DET,16,4,45.2,2.76,4.6,7.09,2.96,1.01,0.2,0.083,1.38,3,2,0
Yariel Rodriguez,TOR,66,1,73.0,3.08,4.4,8.14,4.19,1.15,0.221,0.114,0.99,3,2,2
Nabil Crismatt,ARI,8,5,34.0,3.71,4.84,6.62,2.38,1.44,0.163,0.059000000000000004,1.59,3,0,0
Ryan Yarbrough,NYY,19,8,64.0,4.36,5.04,7.73,2.67,1.2,0.20800000000000002,0.07200000000000001,1.83,3,1,1
Brandon Eisert,CHW,72,3,69.2,4.39,4.54,9.56,3.23,1.44,0.242,0.08199999999999999,1.55,3,8,2
Yennier Cano,BAL,65,0,58.0,5.12,4.27,8.22,3.72,1.48,0.21100000000000002,0.096,1.09,3,7,2
Yoendrys Gomez,- - -,21,9,62.2,5.17,5.26,8.33,3.88,1.39,0.209,0.09699999999999999,1.72,3,3,1
Mick Abel,- - -,10,8,39.0,6.23,5.11,9.0,3.69,1.51,0.22399999999999998,0.092,1.85,3,4,0
Marcus Stroman,NYY,9,9,39.0,6.23,5.19,6.0,3.69,1.54,0.149,0.091,1.38,3,2,0
Robert Stephenson,LAA,12,0,10.0,2.7,3.64,9.0,2.7,1.0,0.23800000000000002,0.071,0.9,2,0,0
Tyler Phillips,MIA,54,1,77.2,2.78,4.14,6.03,2.78,1.15,0.166,0.077,0.93,2,1,4
Tyler Anderson,LAA,26,26,136.1,4.56,5.6,6.87,3.76,1.41,0.174,0.095,1.85,2,8,0
Chase Dollander,COL,21,21,98.0,6.52,5.53,7.53,4.5,1.55,0.18600000000000003,0.111,1.65,2,12,0
Brady Basso,ATH,11,1,11.2,2.31,4.08,6.17,6.94,1.8,0.14300000000000002,0.161,0.0,1,1,0
Elvis Alvarado,ATH,37,0,42.1,3.19,4.32,10.63,4.68,1.32,0.273,0.12,1.28,1,1,0
Dauri Moreta,PIT,18,0,16.2,3.24,3.68,10.26,3.78,1.38,0.27899999999999997,0.10300000000000001,1.08,1,1,0
Yimi Garcia,TOR,22,0,21.0,3.86,3.85,10.71,5.14,1.19,0.278,0.133,0.86,1,2,3
Justin Martinez,ARI,17,0,15.1,4.11,4.05,12.91,7.04,1.24,0.32799999999999996,0.179,0.59,1,2,5
Rafael Montero,- - -,59,0,60.1,4.48,4.13,8.65,5.52,1.31,0.22899999999999998,0.146,0.75,1,2,0
Brent Suter,CIN,48,3,67.2,4.52,4.57,7.05,2.39,1.29,0.182,0.062,1.46,1,2,0
Zak Kent,CLE,12,0,17.2,4.58,3.59,8.15,4.08,1.42,0.21100000000000002,0.105,0.51,1,0,0
Carlos Hernandez,- - -,41,0,43.1,6.23,4.2,8.1,4.57,1.66,0.192,0.10800000000000001,0.83,1,0,0
Mitch Farris,LAA,5,5,24.1,6.66,4.78,8.88,4.07,1.44,0.22399999999999998,0.10300000000000001,1.48,1,3,0
Chase Silseth,LAA,10,0,11.0,1.64,3.86,10.64,4.91,1.45,0.265,0.122,0.82,0,0,0
Chris Devenski,NYM,13,1,16.2,2.16,3.5,7.56,2.7,0.9,0.215,0.077,0.54,0,0,0
Kevin Herget,- - -,7,0,13.0,2.77,3.37,4.15,3.46,1.31,0.107,0.08900000000000001,0.0,0,0,0
Brent Headrick,NYY,17,0,23.0,3.13,3.83,11.74,2.74,1.04,0.326,0.076,1.57,0,0,0
Colin Selby,BAL,11,0,14.0,3.21,3.42,9.0,1.29,1.29,0.233,0.033,1.29,0,2,0
Joey Lucchesi,SFG,38,0,38.1,3.76,3.97,7.28,2.82,1.23,0.188,0.073,0.94,0,1,0
Paxton Schultz,TOR,13,2,24.2,4.38,4.07,10.22,2.92,1.42,0.255,0.073,1.46,0,0,0
Keaton Winn,SFG,7,0,10.0,4.5,3.24,8.1,1.8,1.4,0.214,0.048,0.9,0,0,0
Lyon Richardson,CIN,34,0,37.2,4.54,4.06,7.17,5.02,1.54,0.174,0.122,0.48,0,3,0
Ian Gibaut,CIN,25,0,25.1,4.62,4.44,5.33,2.84,1.34,0.138,0.073,1.07,0,1,0
Adam Mazur,MIA,6,6,30.0,4.8,4.9,5.7,3.6,1.5,0.13699999999999998,0.086,1.2,0,4,0
Pierson Ohl,MIN,14,3,30.0,5.1,4.2,8.1,2.1,1.5,0.203,0.053,1.5,0,3,0
Sean Guenther,DET,9,1,10.1,5.23,3.04,6.97,4.35,1.45,0.18600000000000003,0.11599999999999999,0.0,0,1,0
Easton McGee,MIL,9,0,14.2,5.52,3.27,7.98,3.07,1.36,0.21,0.081,0.61,0,0,0
Jordan Wicks,CHC,8,0,14.1,6.28,3.34,8.16,0.63,1.74,0.19399999999999998,0.015,1.26,0,1,1
Colton Gordon,HOU,20,14,86.0,5.34,5.37,7.53,1.99,1.42,0.19,0.05,2.2,6,4,1
Tim Hill,NYY,70,0,67.0,3.09,4.3,4.97,2.15,1.1,0.138,0.059000000000000004,1.07,4,4,0
Calvin Faucher,MIA,65,0,60.1,3.28,4.25,8.8,3.58,1.28,0.231,0.094,1.19,4,4,15
Hayden Birdsong,SFG,21,10,65.2,4.8,4.96,9.32,5.07,1.49,0.228,0.124,1.37,4,4,0
Emerson Hancock,SEA,22,16,90.0,4.9,5.08,6.4,3.1,1.38,0.166,0.081,1.5,4,5,0
Grant Holman,ATH,22,2,23.0,5.09,4.66,6.65,3.52,1.52,0.165,0.087,1.17,4,2,0
Bryce Miller,SEA,18,18,90.1,5.68,5.17,7.37,3.39,1.41,0.18899999999999997,0.087,1.69,4,6,0
Joel Peguero,SFG,17,0,22.1,2.42,3.85,6.85,3.22,1.03,0.198,0.09300000000000001,0.81,3,1,0
John Curtiss,ARI,30,0,36.2,3.93,4.01,5.89,1.23,0.93,0.17,0.035,1.23,3,2,1
Lou Trivino,- - -,47,2,47.2,3.97,4.73,6.99,3.4,1.34,0.179,0.087,1.13,3,2,0
Justin Steele,CHC,4,4,22.2,4.76,4.94,8.34,1.99,1.15,0.228,0.054000000000000006,1.99,3,1,0
Mitch Spence,ATH,32,8,84.2,5.1,5.1,7.02,2.76,1.44,0.17600000000000002,0.069,1.7,3,6,1
Frankie Montas,NYM,9,7,38.2,6.28,5.33,7.45,3.26,1.6,0.18,0.079,1.86,3,2,0
Easton Lucas,TOR,6,5,24.1,6.66,5.4,8.51,4.44,1.52,0.213,0.111,1.85,3,3,0
Rob Zastryzny,MIL,26,1,22.0,2.45,4.59,8.18,4.09,1.18,0.215,0.10800000000000001,1.23,2,1,0
Ian Hamilton,NYY,36,1,40.0,4.28,4.39,9.45,4.95,1.25,0.253,0.133,1.13,2,1,0
Dylan Smith,DET,7,0,13.0,1.38,4.37,2.77,3.46,0.85,0.083,0.10400000000000001,0.0,1,0,0
Hunter Strickland,LAA,19,0,22.0,3.27,4.41,5.73,4.09,1.23,0.154,0.11,0.82,1,2,1
Cooper Criswell,BOS,7,1,17.2,3.57,5.17,4.58,2.55,1.58,0.113,0.063,1.53,1,0,1
Dugan Darnell,COL,9,0,11.2,3.86,5.19,3.86,5.4,1.46,0.10400000000000001,0.146,0.77,1,0,0
Casey Lawrence,- - -,6,0,17.2,4.08,4.15,3.57,0.51,1.53,0.08800000000000001,0.013000000000000001,1.02,1,2,0
Fraser Ellard,CHW,18,3,17.0,4.24,4.84,11.65,10.06,1.59,0.297,0.257,0.53,1,2,0
Seth Johnson,PHI,10,0,12.2,4.26,4.48,12.08,2.84,1.18,0.315,0.07400000000000001,2.13,1,1,0
Paul Sewald,- - -,22,0,19.2,4.58,4.66,9.15,2.75,1.22,0.247,0.07400000000000001,1.83,1,1,2
Tristan Beck,SFG,31,1,56.2,4.61,4.25,6.51,2.54,1.11,0.177,0.069,1.11,1,0,2
Ryan Borucki,- - -,39,0,35.0,4.63,4.25,8.23,4.11,1.29,0.221,0.11,1.03,1,3,0
Andre Granillo,STL,14,0,21.0,4.71,4.42,7.71,3.0,1.38,0.198,0.077,1.29,1,0,1
Tanner Scott,LAD,61,0,57.0,4.74,4.7,9.47,2.84,1.26,0.252,0.076,1.74,1,4,23
Sauryn Lao,- - -,8,0,11.0,4.91,4.68,7.36,1.64,1.45,0.184,0.040999999999999995,1.64,1,0,0
Luis Curvelo,TEX,17,0,19.0,5.68,4.66,9.47,4.74,1.42,0.23800000000000002,0.11900000000000001,1.42,1,1,0
Noah Murdock,ATH,14,0,17.0,13.24,4.55,11.12,10.59,2.71,0.214,0.204,0.0,1,1,0
Bailey Horn,DET,10,0,11.1,1.59,4.37,7.94,5.56,1.59,0.2,0.14,0.79,0,1,0
Nick Sandlin,TOR,19,0,16.1,2.2,4.6,8.82,4.41,1.16,0.23199999999999998,0.11599999999999999,1.1,0,2,1
Craig Kimbrel,- - -,14,0,12.0,2.25,4.22,12.75,5.25,1.42,0.34700000000000003,0.14300000000000002,1.5,0,1,0
Alan Rangel,PHI,5,0,11.0,2.45,4.5,6.55,4.91,1.45,0.174,0.13,0.82,0,0,1
Michael Kopech,LAD,14,0,11.0,2.45,4.5,9.82,10.64,1.73,0.226,0.245,0.0,0,0,0
Tim Mayza,- - -,15,0,16.2,3.78,4.16,8.1,2.7,1.32,0.203,0.068,1.08,0,0,0
Michael Petersen,- - -,15,0,18.0,4.0,4.58,8.5,3.5,1.39,0.215,0.08900000000000001,1.5,0,0,0
Luis Guerrero,BOS,13,0,17.1,4.15,4.4,5.19,7.27,1.33,0.139,0.19399999999999998,0.0,0,1,0
Connor Seabold,- - -,7,0,10.1,4.35,4.2,8.71,5.23,1.74,0.20800000000000002,0.125,0.87,0,0,0
Yaramil Hiraldo,BAL,18,0,19.2,4.58,5.02,9.61,4.12,1.32,0.25,0.107,1.83,0,0,0
Kyle Backhus,ARI,32,0,25.1,4.62,4.24,7.82,2.84,1.42,0.191,0.07,1.07,0,3,2
Justin Bruihl,TOR,15,0,13.2,5.27,4.16,11.85,4.61,1.9,0.27699999999999997,0.10800000000000001,1.32,0,0,0
Davis Daniel,ATL,3,2,10.0,5.4,5.04,8.1,6.3,1.6,0.196,0.152,0.9,0,1,0
Bryce Jarvis,ARI,12,0,22.0,5.73,4.5,8.59,4.09,1.5,0.214,0.102,1.23,0,0,1
Carson Fulmer,LAA,13,0,29.1,5.83,4.7,7.98,3.38,1.23,0.21100000000000002,0.08900000000000001,1.53,0,0,0
Carson Spiers,CIN,3,2,13.1,6.08,6.21,7.43,4.73,1.5,0.183,0.11699999999999999,2.03,0,2,0
Nick Anderson,COL,12,0,14.2,6.14,4.84,6.14,1.23,1.3,0.16399999999999998,0.033,1.84,0,0,0
Matt Bowman,BAL,20,0,24.2,6.2,4.76,6.57,2.19,1.5,0.158,0.053,1.46,0,1,0
Jake Woodford,ARI,22,0,36.1,6.44,4.26,5.7,3.22,1.6,0.135,0.076,0.74,0,4,3
Liam Hendriks,BOS,14,0,13.2,6.59,5.04,7.9,4.61,1.39,0.203,0.11900000000000001,1.32,0,2,0
Brooks Kriske,- - -,16,0,18.0,7.5,4.36,9.0,7.5,1.94,0.205,0.17,0.5,0,1,0
Scott Effross,NYY,11,0,10.2,8.44,4.07,5.06,2.53,1.78,0.11800000000000001,0.059000000000000004,0.84,0,0,0
Connor Gillispie,MIA,6,6,26.0,8.65,5.75,7.96,3.81,1.65,0.187,0.08900000000000001,2.08,0,3,0
Logan Evans,SEA,16,15,81.1,4.32,5.05,6.53,3.43,1.39,0.16899999999999998,0.08900000000000001,1.44,6,5,0
Chase Shugart,PIT,35,0,45.0,3.4,4.69,6.2,3.4,1.11,0.171,0.094,1.2,4,3,0
Chase Lee,DET,32,0,37.1,4.1,4.53,8.68,2.17,1.1,0.243,0.061,1.69,4,1,0
Kirby Yates,LAD,50,0,41.1,5.23,4.76,11.32,3.7,1.33,0.292,0.096,1.96,4,3,3
Casey Legumina,SEA,48,1,49.2,5.62,4.38,9.97,4.53,1.45,0.251,0.114,1.27,4,6,0
Antonio Senzatela,COL,30,23,130.0,6.65,5.48,5.05,3.25,1.84,0.11800000000000001,0.076,1.52,4,15,0
Landon Knack,LAD,10,7,42.1,4.89,5.71,8.93,4.04,1.39,0.22699999999999998,0.10300000000000001,2.13,3,2,1
Tony Gonsolin,LAD,7,7,36.0,5.0,6.02,9.5,4.5,1.42,0.242,0.115,2.25,3,2,0
Hector Neris,- - -,35,0,26.2,6.75,5.35,11.81,5.4,1.69,0.282,0.129,2.03,3,2,0
Jose Castillo,- - -,29,0,32.0,3.94,4.57,8.44,3.94,1.69,0.201,0.094,1.13,2,2,0
David Robertson,PHI,20,0,17.2,4.08,4.95,11.21,4.08,1.47,0.282,0.10300000000000001,2.04,2,0,2
Michael Tonkin,MIN,21,0,24.0,4.88,4.8,7.13,3.0,1.17,0.184,0.078,1.13,2,1,0
Shawn Dubin,- - -,30,0,33.2,5.08,4.95,7.49,2.94,1.43,0.193,0.076,1.6,2,0,0
Joe Ross,PHI,37,1,51.0,5.12,4.88,6.88,3.18,1.47,0.171,0.079,1.41,2,1,0
Blake Treinen,LAD,32,0,26.2,5.4,4.75,12.15,6.41,1.84,0.27899999999999997,0.147,1.35,2,7,2
Matt Sauer,LAD,10,1,29.2,6.37,5.16,7.28,2.43,1.45,0.18600000000000003,0.062,1.82,2,1,1
Roki Sasaki,LAD,10,8,36.1,4.46,5.8,6.94,5.45,1.43,0.174,0.13699999999999998,1.49,1,1,0
Hunter Stratton,- - -,15,0,19.0,5.21,5.08,7.58,3.32,1.58,0.18,0.079,1.42,1,1,1
Spencer Arrighetti,HOU,7,7,35.1,5.35,5.54,7.9,5.09,1.42,0.19899999999999998,0.128,1.53,1,5,0
Brandon Young,BAL,12,12,57.2,6.24,5.35,7.34,3.43,1.54,0.184,0.086,1.87,1,7,0
Sam Moll,CIN,23,0,18.1,6.38,5.21,10.8,4.91,1.42,0.272,0.12300000000000001,1.96,1,0,0
Wade Miley,CIN,3,2,12.0,6.75,6.97,5.25,4.5,1.75,0.127,0.109,2.25,1,0,0
Ryan Johnson,LAA,14,0,14.2,7.36,5.52,9.82,3.07,1.98,0.222,0.069,2.45,1,1,1
Sean Hjelle,SFG,12,1,15.0,7.8,5.2,6.6,5.4,2.0,0.151,0.12300000000000001,1.2,1,1,0
Chris Roycroft,STL,20,0,20.2,7.84,4.83,6.53,5.23,1.84,0.149,0.11900000000000001,0.87,1,3,0
Mason Thompson,WSN,14,0,10.2,11.81,5.67,9.28,10.13,2.63,0.183,0.2,0.84,1,1,0
Erasmo Ramirez,MIN,9,0,11.0,2.45,5.14,4.09,1.64,1.09,0.11900000000000001,0.048,1.64,0,1,1
Brandon Waddell,NYM,11,1,31.1,3.45,4.54,6.32,3.16,1.28,0.16399999999999998,0.08199999999999999,1.15,0,0,0
Daniel Robert,PHI,15,0,13.0,4.15,5.14,10.38,6.92,1.62,0.254,0.16899999999999998,1.38,0,0,0
Ben Bowden,ATH,11,0,10.2,4.22,5.67,5.91,4.22,1.31,0.149,0.106,1.69,0,0,0
Zach Maxwell,CIN,8,0,10.0,4.5,5.64,11.7,3.6,1.4,0.302,0.09300000000000001,2.7,0,0,0
Jose Urena,- - -,19,6,55.0,4.58,5.21,5.56,3.76,1.45,0.139,0.094,1.31,0,1,1
Bryan Hudson,- - -,16,0,15.0,4.8,5.34,11.4,7.8,1.87,0.253,0.17300000000000001,1.2,0,1,0
Jake Eder,LAA,8,0,18.1,4.91,5.26,7.36,4.42,1.31,0.192,0.115,1.47,0,1,0
Logan VanWey,HOU,9,0,10.2,5.06,5.39,5.91,2.53,1.69,0.14300000000000002,0.061,1.69,0,0,0
Roansy Contreras,- - -,5,0,12.2,5.68,5.98,4.26,1.42,1.11,0.11800000000000001,0.039,2.13,0,0,0
Julian Merryweather,CHC,21,0,18.2,5.79,4.69,7.23,5.3,1.82,0.17,0.125,0.96,0,1,0
Scott McGough,- - -,13,0,16.0,6.75,5.89,9.0,3.94,1.56,0.213,0.09300000000000001,2.25,0,0,0
Luis Contreras,HOU,9,0,12.0,6.75,5.14,9.75,6.0,1.58,0.24100000000000002,0.14800000000000002,1.5,0,0,0
Joel Payamps,- - -,30,0,26.1,6.84,4.54,8.2,3.08,1.52,0.205,0.077,1.37,0,1,1
T.J. McFarland,ATH,27,0,15.2,6.89,4.67,4.02,1.72,1.85,0.095,0.040999999999999995,1.15,0,0,0
Dane Dunning,- - -,12,0,20.2,6.97,5.07,9.15,3.05,1.5,0.221,0.07400000000000001,1.74,0,0,2
Tayler Saucedo,SEA,10,0,13.1,7.43,4.86,8.1,4.05,1.88,0.182,0.091,1.35,0,0,0
Chris Stratton,- - -,15,0,21.0,7.71,4.94,9.43,4.29,2.0,0.212,0.096,1.71,0,0,0
Penn Murfee,CHW,15,0,12.2,7.82,5.58,9.24,3.55,1.89,0.20600000000000002,0.079,2.13,0,1,0
Andry Lara,WSN,9,0,14.1,8.79,5.44,6.28,5.02,2.44,0.128,0.10300000000000001,1.26,0,0,0
Luarbert Arias,MIA,7,0,10.1,11.32,5.75,8.71,4.35,2.13,0.182,0.091,1.74,0,0,0
Daniel Lynch IV,KCR,57,2,67.2,3.06,4.76,5.99,3.46,1.36,0.156,0.09,1.06,6,2,1
Tyler Holton,DET,70,6,78.2,3.66,4.64,7.32,1.94,1.04,0.205,0.054000000000000006,1.72,6,5,0
Michael Kelly,ATH,42,0,39.2,3.18,4.82,6.58,4.31,1.29,0.175,0.114,1.13,4,4,2
Erick Fedde,- - -,32,24,141.0,5.49,5.2,5.3,4.28,1.52,0.133,0.10800000000000001,1.21,4,13,0
Chris Murphy,BOS,23,0,34.2,3.12,5.07,7.79,5.19,1.18,0.203,0.135,1.04,3,0,0
Kyle Hart,SDP,20,6,43.0,5.86,5.18,7.74,2.72,1.19,0.207,0.073,1.88,3,3,0
Luis Mey,CIN,23,0,21.0,3.43,5.56,9.0,7.29,1.62,0.21899999999999997,0.177,1.29,2,0,0
Luke Jackson,- - -,52,0,51.0,4.06,4.49,6.71,4.94,1.35,0.174,0.128,0.71,2,5,9
Jackson Kowar,SEA,15,0,17.0,4.24,5.84,7.94,3.71,1.24,0.21100000000000002,0.099,2.12,2,0,0
Lance McCullers Jr.,HOU,16,13,55.1,6.51,5.77,9.92,6.34,1.81,0.223,0.142,1.63,2,5,0
Carlos Carrasco,- - -,11,9,45.2,7.09,5.61,6.7,3.35,1.71,0.16,0.08,1.97,2,2,0
Tommy Kahnle,DET,66,0,63.0,4.43,4.72,7.14,4.43,1.3,0.187,0.11599999999999999,1.14,1,5,9
Valente Bellozo,MIA,32,6,81.1,4.65,5.2,5.98,2.55,1.33,0.155,0.066,1.66,1,4,0
Max Lazar,PHI,36,0,41.1,4.79,4.95,5.66,2.61,1.28,0.153,0.071,1.52,1,1,1
Corbin Martin,BAL,17,0,18.0,6.0,5.3,11.5,4.5,1.72,0.258,0.10099999999999999,2.0,1,0,2
Andrew Hoffmann,- - -,11,0,12.0,6.0,5.8,9.0,7.5,2.0,0.19699999999999998,0.16399999999999998,1.5,1,1,0
Eduarniel Nunez,- - -,10,0,12.2,7.11,6.77,7.82,7.82,1.89,0.183,0.183,1.42,1,0,0
Kendall Graveman,ARI,19,0,17.2,7.13,5.8,4.58,6.11,1.98,0.11,0.146,1.02,1,0,0
John Brebbia,- - -,22,0,23.1,7.71,5.75,10.03,4.63,1.71,0.226,0.10400000000000001,1.93,1,1,0
Jose Ruiz,- - -,18,0,16.1,8.82,5.34,8.27,4.96,1.96,0.19,0.114,1.65,1,0,0
Hunter Bigge,TBR,13,0,15.0,2.4,6.2,7.2,3.0,1.07,0.2,0.083,2.4,0,0,0
Dan Altavilla,CHW,28,0,29.0,2.48,5.45,6.52,4.66,1.17,0.175,0.125,1.24,0,1,2
Anthony Veneziano,- - -,26,1,25.0,4.68,4.78,9.0,3.96,1.56,0.214,0.094,1.44,0,0,0
Nick Hernandez,HOU,10,0,10.2,5.06,6.98,9.28,6.75,1.88,0.212,0.154,2.53,0,0,0
Payton Tolle,BOS,7,3,16.1,6.06,6.26,10.47,4.41,1.59,0.257,0.10800000000000001,2.76,0,1,0
Cionel Perez,BAL,19,0,21.2,8.31,5.77,8.72,7.48,2.12,0.191,0.16399999999999998,1.25,0,0,0
Nate Pearson,CHC,11,0,14.2,9.2,6.2,4.3,6.14,2.18,0.09300000000000001,0.133,1.23,0,1,0
Tyler Zuber,- - -,10,0,12.0,11.25,5.55,10.5,4.5,1.92,0.237,0.102,2.25,0,1,0
Forrest Whitley,- - -,10,0,12.0,13.5,6.64,9.0,6.0,2.25,0.182,0.121,2.25,0,0,0
Walker Buehler,- - -,26,24,126.0,4.93,5.66,6.57,4.36,1.52,0.163,0.10800000000000001,1.57,10,7,0
Zach Eflin,BAL,14,14,71.1,5.93,5.64,6.31,1.64,1.42,0.162,0.042,2.27,6,5,0
Chris Flexen,CHC,21,1,43.2,3.09,5.04,4.53,2.47,1.15,0.124,0.067,1.44,5,1,1
Andrew Heaney,- - -,27,23,122.1,5.52,5.59,6.33,2.94,1.38,0.16,0.075,1.84,5,10,0
Yuki Matsui,SDP,61,0,63.1,3.98,4.87,8.67,4.69,1.36,0.22399999999999998,0.121,1.42,3,1,1
Connor Brogdon,LAA,43,0,47.0,5.55,5.24,9.38,3.45,1.34,0.24600000000000002,0.09,2.11,3,2,0
Ryan Pressly,CHC,44,0,41.1,4.35,5.05,6.1,3.7,1.52,0.154,0.09300000000000001,1.31,2,3,5
Trent Thornton,SEA,33,0,42.1,4.68,4.74,6.8,2.98,1.3,0.17800000000000002,0.078,1.28,2,0,0
Kaleb Ort,HOU,49,0,46.0,4.89,5.03,9.59,5.28,1.35,0.253,0.139,1.57,2,2,1
Richard Fitts,BOS,11,10,45.0,5.0,5.8,8.0,3.2,1.31,0.205,0.08199999999999999,2.2,2,4,0
Thomas Hatch,- - -,12,1,34.0,5.82,6.02,5.82,4.5,1.68,0.145,0.11199999999999999,1.85,2,1,0
Cole Henry,WSN,57,0,52.2,4.27,5.34,8.89,5.47,1.42,0.21600000000000003,0.133,1.2,1,2,2
Seth Halvorsen,COL,42,0,39.2,4.99,5.2,8.17,4.76,1.56,0.20800000000000002,0.121,1.59,1,2,11
Juan Burgos,- - -,13,0,13.1,6.08,5.01,9.45,5.4,1.88,0.215,0.12300000000000001,1.35,1,1,0
Travis Adams,MIN,18,2,33.2,7.49,5.39,8.29,4.54,1.66,0.196,0.10800000000000001,1.6,1,4,0
Blade Tidwell,NYM,4,2,15.0,9.0,7.47,6.0,6.0,2.2,0.128,0.128,2.4,1,1,0
Sean Reynolds,SDP,19,1,27.0,5.33,5.43,8.33,5.67,1.37,0.214,0.145,1.33,0,1,0
Garrett McDaniels,LAA,10,0,10.2,5.91,6.98,5.06,6.75,1.97,0.12,0.16,1.69,0,0,0
Orlando Ribalta,WSN,22,0,24.1,7.03,6.51,9.25,6.29,1.85,0.20800000000000002,0.142,2.22,0,0,0
Sawyer Gipson-Long,DET,8,3,31.1,7.18,5.56,7.47,1.72,1.28,0.195,0.045,2.3,0,2,0
McCade Brown,COL,7,7,25.2,7.36,6.95,8.06,5.96,1.83,0.183,0.135,2.1,0,5,0
Victor Mederos,LAA,5,3,17.0,7.41,7.19,7.41,6.35,1.76,0.17300000000000001,0.14800000000000002,2.12,0,2,0
Ryan Fernandez,STL,32,0,30.1,7.71,5.15,10.09,4.75,1.71,0.243,0.114,1.78,0,4,1
Sam Aldegheri,LAA,4,2,13.2,7.9,7.31,7.9,6.59,2.2,0.16399999999999998,0.13699999999999998,1.98,0,2,0
Tanner Houck,BOS,9,9,43.2,8.04,6.16,6.6,3.5,1.69,0.158,0.084,2.06,0,3,0
Roddery Munoz,STL,9,0,11.0,8.18,7.77,11.45,7.36,1.64,0.275,0.17600000000000002,3.27,0,0,0
Richard Lovelady,- - -,10,0,11.2,8.49,6.99,9.26,4.63,1.54,0.21100000000000002,0.105,2.31,0,1,0
Zach Brzykcy,WSN,26,0,23.0,9.0,6.27,9.39,4.7,1.74,0.218,0.109,2.35,0,1,0
Joey Estes,ATH,3,2,11.0,9.82,8.68,4.91,4.91,2.0,0.109,0.109,3.27,0,2,0
Jeff Hoffman,TOR,71,0,68.0,4.37,4.9,11.12,3.57,1.19,0.293,0.094,1.99,9,7,33
Jake Irvin,WSN,33,33,180.0,5.7,5.64,6.2,3.1,1.43,0.158,0.079,1.9,9,13,0
Tim Herrin,CLE,54,0,42.2,4.85,5.08,9.49,6.33,1.57,0.23199999999999998,0.155,1.05,5,4,0
Daysbel Hernandez,ATL,39,0,37.0,3.41,5.0,8.03,7.3,1.54,0.201,0.183,0.73,4,3,0
Josh Simpson,MIA,31,0,30.2,7.34,5.35,10.57,6.46,1.83,0.23800000000000002,0.146,1.47,4,2,0
John King,STL,51,0,48.1,4.66,5.0,5.21,2.61,1.63,0.126,0.063,1.49,2,1,0
Carson Whisenhunt,SFG,5,5,23.1,5.01,6.91,6.17,4.63,1.46,0.157,0.11800000000000001,2.31,2,1,0
Sam Long,KCR,39,0,40.1,5.36,5.54,7.36,4.91,1.74,0.175,0.11599999999999999,1.56,2,3,0
Jordan Romano,PHI,49,0,42.2,8.23,5.39,9.91,3.59,1.45,0.251,0.091,2.11,2,4,8
Alek Jacob,SDP,29,0,33.1,5.13,5.9,6.21,3.78,1.5,0.15,0.092,1.62,1,0,0
Gunnar Hoglund,ATH,6,6,32.1,6.4,6.75,6.4,3.06,1.52,0.165,0.079,2.78,1,3,0
Zach Agnos,COL,30,0,31.1,6.61,5.62,5.46,4.88,1.53,0.138,0.12300000000000001,1.44,1,3,4
Jon Gray,TEX,6,0,14.0,7.71,7.35,7.71,3.86,1.5,0.19,0.095,3.21,1,1,0
Ryan Loutos,- - -,12,0,12.0,12.75,8.64,6.0,6.0,2.33,0.11800000000000001,0.11800000000000001,3.0,1,0,0
Caden Dana,LAA,7,5,32.1,6.4,6.48,9.19,5.01,1.48,0.23399999999999999,0.128,2.51,0,4,0
Austin Gomber,COL,12,12,57.2,7.49,6.5,5.31,2.65,1.72,0.125,0.063,2.5,0,7,0
Keegan Akin,BAL,64,3,63.1,3.41,4.94,8.38,4.69,1.37,0.22,0.12300000000000001,1.42,5,4,8
Jackson Rutledge,WSN,63,0,73.1,5.77,5.47,7.98,2.95,1.51,0.19699999999999998,0.073,1.96,4,2,0
Jose Fermin,LAA,40,0,34.1,4.46,5.99,10.22,6.03,1.4,0.257,0.151,2.1,3,2,0
Scott Blewett,- - -,26,2,44.1,5.48,5.48,7.11,3.65,1.42,0.18,0.09300000000000001,1.83,3,0,0
Konnor Pilkington,WSN,32,0,28.1,4.45,5.96,10.8,5.4,1.38,0.276,0.138,2.22,2,0,0
Kevin Kelly,TBR,41,0,39.2,5.9,5.66,7.94,2.04,1.36,0.205,0.053,2.5,2,5,0
Beau Brieske,DET,22,1,22.0,6.55,6.27,6.55,4.91,1.64,0.155,0.11699999999999999,2.05,1,3,1
Shinnosuke Ogasawara,WSN,23,2,38.2,6.98,6.16,6.98,3.96,1.55,0.17300000000000001,0.098,2.09,1,1,0
Shaun Anderson,LAA,7,0,11.1,10.32,8.87,8.74,2.38,2.03,0.196,0.054000000000000006,4.76,1,0,0
Lucas Sims,WSN,18,0,12.1,13.86,8.24,9.49,10.22,2.27,0.18100000000000002,0.19399999999999998,1.46,1,0,0
Jonathan Loaisiga,NYY,30,0,29.2,4.25,5.83,7.58,3.03,1.48,0.185,0.07400000000000001,2.12,0,1,1
Jorge Alcala,- - -,56,0,55.0,6.22,5.68,9.98,4.91,1.75,0.237,0.11699999999999999,2.13,0,2,0
Bryse Wilson,CHW,20,5,47.1,6.65,6.3,5.32,3.61,1.82,0.125,0.085,2.09,0,2,0
Colin Holderman,PIT,24,0,25.2,7.01,5.86,6.31,5.61,1.95,0.14400000000000002,0.128,1.4,0,2,1
Eduardo Salazar,WSN,30,0,29.0,8.38,6.45,7.14,4.97,2.17,0.153,0.107,2.17,0,1,0
Elvin Rodriguez,- - -,7,2,19.2,9.15,8.47,8.24,3.2,1.68,0.2,0.078,4.12,0,2,0
Didier Fuentes,ATL,4,4,13.0,13.85,9.14,8.31,4.15,2.23,0.174,0.087,4.15,0,3,0
Ryan Zeferjahn,LAA,62,1,57.0,4.74,5.36,11.53,5.53,1.47,0.284,0.136,1.89,6,5,2
Carlos Vargas,SEA,70,0,77.0,3.97,4.59,6.31,2.69,1.35,0.163,0.069,1.17,5,5,1
Jack Kochanowicz,LAA,23,23,111.0,6.81,6.05,5.84,4.7,1.75,0.141,0.113,1.7,3,11,0
Cam Booser,CHW,39,0,31.0,5.52,6.26,10.16,5.52,1.52,0.245,0.133,2.32,2,4,1
Osvaldo Bido,ATH,26,10,79.2,5.87,6.07,7.68,3.95,1.61,0.187,0.096,2.15,2,5,1
Porter Hodge,CHC,36,0,33.0,6.27,5.89,10.91,4.91,1.58,0.272,0.122,2.45,2,2,2
Carson Seymour,SFG,16,3,36.0,4.75,6.11,6.5,3.25,1.39,0.16699999999999998,0.083,2.25,1,3,0
Scott Alexander,- - -,21,0,17.2,6.11,7.61,4.08,4.58,1.81,0.099,0.111,2.55,1,1,0
Anthony Molina,COL,17,1,34.2,7.27,6.94,6.23,1.56,1.67,0.15,0.038,3.12,1,1,0
Tayler Scott,- - -,24,0,27.1,7.9,6.32,7.9,5.93,1.9,0.179,0.134,1.98,1,2,0
Alexis Diaz,- - -,18,0,17.2,8.15,8.51,8.66,6.11,1.53,0.2,0.141,3.06,1,0,0
Austin Cox,ATL,13,1,21.1,8.86,7.54,9.28,2.95,1.73,0.21600000000000003,0.069,3.8,0,0,0
Carson Palmquist,COL,9,7,34.1,8.91,7.8,7.08,6.55,2.04,0.154,0.14300000000000002,2.62,0,4,0
Kyle Gibson,BAL,4,4,12.1,16.78,10.59,7.3,5.11,2.92,0.13699999999999998,0.096,5.11,0,3,0
George Soriano,MIA,24,0,36.2,8.35,6.44,8.84,4.66,1.77,0.20800000000000002,0.11,2.45,2,0,1
Anthony DeSclafani,ARI,13,4,38.2,5.12,6.29,8.38,2.79,1.27,0.213,0.071,2.56,1,2,2
Ryan Rolison,COL,31,1,42.1,7.02,6.75,5.31,4.25,1.77,0.13,0.10400000000000001,2.34,1,0,0
Angel Chivilli,COL,43,0,58.2,7.06,6.03,6.6,3.53,1.69,0.156,0.084,1.99,1,5,0
Luis Peralta,COL,22,0,19.0,9.47,8.71,7.58,8.53,2.32,0.158,0.17800000000000002,2.84,1,3,0
Noah Davis,- - -,9,0,11.0,18.0,12.23,12.27,4.91,2.55,0.231,0.092,5.73,0,2,0
Bowden Francis,TOR,14,14,64.0,6.05,6.85,7.59,3.8,1.53,0.188,0.094,2.67,2,8,0
Chad Green,TOR,45,0,43.2,5.56,6.73,7.21,2.68,1.47,0.184,0.068,2.89,3,2,1
Nestor Cortes,- - -,8,8,34.1,6.29,8.29,7.6,5.24,1.63,0.185,0.127,3.41,2,4,0
Genesis Cabrera,- - -,40,0,42.2,6.54,6.56,7.38,3.8,1.5,0.187,0.096,2.53,0,1,1
Bradley Blalock,COL,14,12,58.2,9.36,7.31,4.14,3.53,1.84,0.098,0.084,2.61,2,6,0
